Const,Name,Year
nm0000136,ALFS Award,1996
nm0000136,Golden Aries,1998
nm0000136,Golden Globe,2008
nm0000136,Rembrandt Award,2007
nm0000136,Rembrandt Award,2008
nm0000136,Career Achievement Award,2009
nm0000136,ShoWest Award,1990
nm0000136,Actor,2004
nm0000136,Honorary César,1999
nm0000136,Audience Award,2004
nm0000136,MTV Movie Award,2007
nm0000136,Blockbuster Entertainment Award,2000
nm0000136,People's Choice Award,2006
nm0000136,Blimp Award,2008
nm0000136,Actor of the Year,2003
nm0000136,Empire Award,2004
nm0000136,Empire Award,2006
nm0000136,Teen Choice Award,2004
nm0000136,Teen Choice Award,2004
nm0000136,Teen Choice Award,2006
nm0000136,Teen Choice Award,2006
nm0000136,Teen Choice Award,2007
nm0000136,Teen Choice Award,2008
nm0000136,National Movie Award,2008
nm0000136,MTV Movie Award,2008
nm0000136,MTV Movie Award,2008
nm0000136,NRJ Ciné Award,2006
nm0000136,MTV Movie Award,2004
nm0000136,People's Choice Award,2007
nm0000136,People's Choice Award,2007
nm0000136,People's Choice Award,2007
nm0000136,Star on the Walk of Fame,1999
nm0000136,MTV Movie Award,2004
nm0000136,People's Choice Award,2005
nm0000136,People's Choice Award,2008
nm0000136,People's Choice Award,2010
nm0000136,People's Choice Award,2010
nm0000136,Blimp Award,2011
nm0000136,Rembrandt Award,2011
nm0000136,People's Choice Award,2011
nm0000136,Teen Choice Award,2011
nm0000136,SFX Award,2007
nm0000136,SFX Award,2004
nm0000136,Teen Choice Award,2011
nm0000136,People's Choice Award,2012
nm0000136,People's Choice Award,2012
nm0000136,MTV Generation Award,2012
nm0000136,National Movie Award,2011
nm0000136,Blimp Award,2013
nm0000136,People's Choice Award,2014
nm0000136,Distinguished Artisan Award,2014
nm0000136,Scream Award,2006
nm0000136,Jupiter Award,2007
nm0000136,Jupiter Award,2008
nm0000136,Jupiter Award,1996
nm0000136,Jupiter Award,2004
nm0000136,WFCC Award,2005
nm0000136,ACCA,2003
nm0000136,Golden Schmoes,2007
nm0000136,Fondazione Mimmo Rotella Special Award,2015
nm0000136,Modern Master Award,2016
nm0000136,Desert Palm Achievement Award,2016
nm0000136,People's Choice Award,2016
nm0000136,Golden Schmoes,2004
nm0000136,Bravo Otto Germany,2006
nm0000136,Yoga Award,2016
nm0000136,People's Choice Award,2017
nm0000136,Golden Schmoes,2003
nm0000136,Georges Award,2005
nm0000136,Georges Award,2007
nm0000136,Georges Award,2006
nm0000136,Yoga Award,2004
nm0000136,Georges Award,2009
nm0000136,Golden Schmoes,2003
nm0000136,Chainsaw Award,2000
nm0000136,Scream Award,2007
nm0000136,Special Achievement Award,2015
nm0000136,Honorable Mention,2021
nm0000136,Donostia Lifetime Achievement Award,2021
nm0000136,Nickelodeon Kid's Choice Award,2007
nm0000136,Honorary Award,2021
nm0000136,Deauville Talent Award,2019
nm0000199,LAFCA Award,1975
nm0000199,BSFC Award,1997
nm0000199,KCFCC Award,1975
nm0000199,NSFC Award,1973
nm0000199,NBR Award,1972
nm0000199,NBR Award,1973
nm0000199,Oscar,1993
nm0000199,Donostia Lifetime Achievement Award,1996
nm0000199,Prize San Sebastián,1975
nm0000199,Golden Globe,1993
nm0000199,Golden Globe,1974
nm0000199,Golden Globe,2004
nm0000199,Cecil B. DeMille Award,2001
nm0000199,DGA Award,1997
nm0000199,Actor,2004
nm0000199,BAFTA Film Award,1976
nm0000199,Special David,1973
nm0000199,David,1974
nm0000199,Primetime Emmy,2010
nm0000199,Primetime Emmy,2004
nm0000199,Career Golden Lion,1994
nm0000199,Lifetime Achievement Award,1996
nm0000199,Film Excellence Award,1992
nm0000199,Best Actor,1980
nm0000199,American Comedy Award,1991
nm0000199,Life Achievement Award,2007
nm0000199,Gala Tribute,2000
nm0000199,Best Actor,1992
nm0000199,Satellite Award,2010
nm0000199,Golden Globe,2011
nm0000199,Actor,2011
nm0000199,Queer Lion Award,2011
nm0000199,Razzie Award,2012
nm0000199,Razzie Award,2012
nm0000199,Career Achievement Award,2012
nm0000199,Golden Camera for Lifetime Achievement,2013
nm0000199,OFTA Television Award,2010
nm0000199,OFTA Film Hall of Fame,2003
nm0000199,EDA Special Mention Award,2016
nm0000199,Gold Derby TV Award,2010
nm0000199,Gold Derby TV Award,2004
nm0000199,Gold Derby TV Award,2010
nm0000199,Yoga Award,2009
nm0000199,Festival Prize,2017
nm0000199,Kennedy Center Honors,2016
nm0000199,CinEuphoria,2019
nm0000199,Hollywood Film Award,2019
nm0000199,Icon Award,2019
nm0000199,Chainsaw Award,1998
nm0000199,Jaeger-LeCoultre Glory to the Filmmaker Award,2011
nm0000199,OFTA Film Hall of Fame,2022
nm0000199,Jack Valenti Legend Award,2013
nm0000134,LAFCA Award,1976
nm0000134,LAFCA Award,1980
nm0000134,BSFC Award,1981
nm0000134,NYFCC Award,1976
nm0000134,NYFCC Award,1980
nm0000134,NYFCC Award,1990
nm0000134,NSFC Award,1974
nm0000134,NSFC Award,1976
nm0000134,NBR Award,1980
nm0000134,NBR Award,1990
nm0000134,Oscar,1975
nm0000134,Oscar,1981
nm0000134,Donostia Lifetime Achievement Award,2000
nm0000134,Golden Globe,1981
nm0000134,Golden Camera for Lifetime Achievement,2008
nm0000134,Hollywood Film Award,2009
nm0000134,Career Golden Lion,1993
nm0000134,Blockbuster Entertainment Award,2000
nm0000134,Lifetime Achievement Award,2001
nm0000134,Christopher Award,1997
nm0000134,Special Prize for Outstanding Contribution to World Cinema,2008
nm0000134,Life Achievement Award,2003
nm0000134,Man of the Year,1979
nm0000134,Honorary Prize,1997
nm0000134,MTV Movie Award,2001
nm0000134,Sant Jordi,1978
nm0000134,Sant Jordi,1986
nm0000134,Fotogramas de Plata,1978
nm0000134,Taormina Arte Award,2010
nm0000134,Cecil B. DeMille Award,2011
nm0000134,Golden Phoenix,1981
nm0000134,Britannia Award,2009
nm0000134,Silver Berlin Bear,2007
nm0000134,Hollywood Film Award,2012
nm0000134,Kirk Douglas Award for Excellence in Film,2013
nm0000134,Muse Award,1993
nm0000134,Capri Ensemble Cast Award,2012
nm0000134,NYFCC Award,1973
nm0000134,DFCS Award,2012
nm0000134,Jupiter Award,1993
nm0000134,MINY,2012
nm0000134,Career Achievement Award,2015
nm0000134,OFTA Film Hall of Fame,1998
nm0000134,Christopher Award,2003
nm0000134,Gold Derby Film Award,2014
nm0000134,Gold Derby Film Award,2013
nm0000134,Career Achievement Award,2010
nm0000134,Yoga Award,2009
nm0000134,Honorary Heart of Sarajevo,2016
nm0000134,Gala Tribute,2017
nm0000134,Hollywood Film Award,2016
nm0000134,AACTA International Award,2013
nm0000134,Satellite Award,2018
nm0000134,Excellence in Media Award,2016
nm0000134,CinEuphoria,2019
nm0000134,Life Achievement Award,2020
nm0000134,Icon Award,2019
nm0000134,Gotham Independent Film Award,2019
nm0000134,National Film and Television Award,2019
nm0000134,Kennedy Center Honors,2009
nm0000134,Creative Impact in Acting Award,2020
nm0000134,Best Actor,1978
nm0000134,BEFTTA Award,1978
nm0000134,Lifetime Achievement Award,2006
nm0000134,Black Reel,2019
nm0000134,OFTA Film Hall of Fame,2021
nm0000134,NYFCC Award,1973
nm0000134,Movies for Grownups Award,2024
nm0000228,CFCA Award,1996
nm0000228,CFCA Award,2000
nm0000228,SEFCA Award,2000
nm0000228,SDFCS Award,1999
nm0000228,Special Achievement Award,1998
nm0000228,ALFS Award,2000
nm0000228,Golden Aries,2000
nm0000228,Sierra Award,2000
nm0000228,DFWFCA Award,1996
nm0000228,DFWFCA Award,2000
nm0000228,BSFC Award,1995
nm0000228,BSFC Award,1997
nm0000228,KCFCC Award,1999
nm0000228,OFCS Award,2000
nm0000228,FFCC Award,2000
nm0000228,TFCA Award,1999
nm0000228,NYFCC Award,1995
nm0000228,NBR Award,1995
nm0000228,NBR Award,1995
nm0000228,Tribute to Independent Vision Award,2000
nm0000228,Oscar,1996
nm0000228,Oscar,2000
nm0000228,Special Award,2008
nm0000228,Actor,2000
nm0000228,Actor,2000
nm0000228,BAFTA Film Award,2000
nm0000228,Sonny Bono Visionary Award,2005
nm0000228,MTV Movie Award,1996
nm0000228,Film Excellence Award,1999
nm0000228,Chlotrudis Award,1996
nm0000228,Chlotrudis Award,1998
nm0000228,Chlotrudis Award,2000
nm0000228,Maverick Tribute Award,1998
nm0000228,Golden Apple,2001
nm0000228,Role Model Award,2002
nm0000228,Empire Award,1998
nm0000228,Peter J. Owens Award,2002
nm0000228,Star on the Walk of Fame,1999
nm0000228,Best Actor,1992
nm0000228,Golden Space Needle Award,1995
nm0000228,Robert Altman Award,2012
nm0000228,STFC Award,1995
nm0000228,Critics Choice Award,1996
nm0000228,STFC Award,1997
nm0000228,OFTA Film Award,2000
nm0000228,Jupiter Award,2001
nm0000228,Audience Award,2001
nm0000228,Golden Globe,2015
nm0000228,Actor,2015
nm0000228,ACCA,1999
nm0000228,Golden Camera,2015
nm0000228,ACCA,1995
nm0000228,ACCA,1995
nm0000228,Actor,2016
nm0000228,NAVGTR Award,2015
nm0000228,EDA Special Mention Award,2018
nm0000228,Felix,2016
nm0000228,Chainsaw Award,1996
nm0000228,Webby Award,2013
nm0000228,FIFF Award,2024
nm0000228,Folkestone Independent Film Award,2024
nm0000243,CFCA Award,1993
nm0000243,SEFCA Award,1993
nm0000243,SEFCA Award,1997
nm0000243,WAFCA Award,2002
nm0000243,LAFCA Award,2001
nm0000243,BSFC Award,1992
nm0000243,BSFC Award,2001
nm0000243,KCFCC Award,1989
nm0000243,KCFCC Award,1992
nm0000243,KCFCC Award,2001
nm0000243,Freedom Award,2003
nm0000243,Lone Star Film & Television Award,1997
nm0000243,NYFCC Award,1992
nm0000243,Tribute to Independent Vision Award,1993
nm0000243,Oscar,1990
nm0000243,Oscar,2002
nm0000243,Silver Berlin Bear,1993
nm0000243,Silver Berlin Bear,2000
nm0000243,Golden Globe,1990
nm0000243,Golden Globe,2000
nm0000243,Christopher Award,2008
nm0000243,ShoWest Award,1997
nm0000243,Stanley Kramer Award,2003
nm0000243,Image Award,2008
nm0000243,Image Award,1997
nm0000243,Image Award,2003
nm0000243,Image Award,2003
nm0000243,Image Award,2002
nm0000243,Britannia Award,2007
nm0000243,BET Award,2001
nm0000243,Golden Apple,1995
nm0000243,Image Award,1998
nm0000243,Best Actor,1989
nm0000243,Image Award,2001
nm0000243,Black Reel,2000
nm0000243,Black Reel,2001
nm0000243,Black Reel,2002
nm0000243,Black Reel,2003
nm0000243,MTV Movie Award,1993
nm0000243,Image Award,1996
nm0000243,Image Award,1996
nm0000243,Image Award,2000
nm0000243,AFI Award,2002
nm0000243,Image Award,1986
nm0000243,Image Award,1990
nm0000243,Image Award,1993
nm0000243,Image Award,1994
nm0000243,Humanitarian Award,2000
nm0000243,MTV Movie Award,2002
nm0000243,Image Award,2011
nm0000243,BET Award,2005
nm0000243,BET Award,2004
nm0000243,BET Award,2008
nm0000243,Black Reel,2003
nm0000243,Golden Camera,2012
nm0000243,Image Award,1988
nm0000243,Image Award,2013
nm0000243,Black Reel,2013
nm0000243,EDA Special Mention Award,2013
nm0000243,AAFCA Award,2012
nm0000243,Donostia Lifetime Achievement Award,2014
nm0000243,DFWFCA Award,1993
nm0000243,Cecil B. DeMille Award,2016
nm0000243,Entertainer of the Year Award,1997
nm0000243,Christopher Award,2003
nm0000243,Movies for Grownups Award,2013
nm0000243,Best of the Fest,2016
nm0000243,SFFCC Award,2016
nm0000243,AAFCA Award,2016
nm0000243,Movies for Grownups Award,2017
nm0000243,Black Reel,2017
nm0000243,Jupiter Award,2017
nm0000243,Modern Master Award,2017
nm0000243,All Def Movie Award,2016
nm0000243,BFCC Award,2016
nm0000243,COFCA Award,2017
nm0000243,Board of the Governors Award,2017
nm0000243,Actor,2017
nm0000243,Showmanship Award,2017
nm0000243,Image Award,2017
nm0000243,ACCA,1992
nm0000243,Felix,2013
nm0000243,OFTA Film Hall of Fame,2019
nm0000128,PFCS Award,2002
nm0000128,SDFCS Award,2000
nm0000128,ALFS Award,2001
nm0000128,LAFCA Award,1999
nm0000128,DFWFCA Award,2001
nm0000128,DFWFCA Award,2002
nm0000128,SFFCC Award,2000
nm0000128,Critics Choice Award,2000
nm0000128,Critics Choice Award,2001
nm0000128,Critics Choice Award,2002
nm0000128,FCCA Award,1993
nm0000128,NSFC Award,2000
nm0000128,NBR Award,1999
nm0000128,Oscar,2001
nm0000128,Golden Globe,2002
nm0000128,ShoWest Award,2001
nm0000128,Actor,2002
nm0000128,BAFTA Film Award,2002
nm0000128,AFI Award,1991
nm0000128,AFI Award,1992
nm0000128,Global Achievement Award,2001
nm0000128,AFI International Award,2005
nm0000128,AFI International Award,2009
nm0000128,Chlotrudis Award,1998
nm0000128,Golden Apple,2000
nm0000128,Actor of the Year,2000
nm0000128,Empire Award,2001
nm0000128,Special Award,2009
nm0000128,Golden Space Needle Award,1993
nm0000128,Blockbuster Entertainment Award,2001
nm0000128,Star on the Walk of Fame,2010
nm0000128,Special Achievement Award,2012
nm0000128,NBR Award,2012
nm0000128,ACCA,2012
nm0000128,ACCA,2001
nm0000128,FCCA Award,2015
nm0000128,Golden Globe,2020
nm0000093,Razzie Award,1995
nm0000093,COFCA Award,2010
nm0000093,Golden Globe,1996
nm0000093,ShoWest Award,1993
nm0000093,Actor,2010
nm0000093,Volpi Cup,2007
nm0000093,Ensemble Cast Award,2007
nm0000093,Saturn Award,1996
nm0000093,MTV Movie Award,1995
nm0000093,MTV Movie Award,1995
nm0000093,People's Choice Award,2006
nm0000093,MTV Movie Award,1996
nm0000093,Universe Reader's Choice Award,1996
nm0000093,Bronze Wrangler,1995
nm0000093,People's Choice Award,2009
nm0000093,Teen Choice Award,2004
nm0000093,Teen Choice Award,2005
nm0000093,NRJ Ciné Award,2006
nm0000093,NRJ Ciné Award,2006
nm0000093,Audience Award,1998
nm0000093,People's Choice Award,2005
nm0000093,MTV Movie Award,2006
nm0000093,People's Choice Award,2008
nm0000093,Blockbuster Entertainment Award,1997
nm0000093,Rembrandt Award,2010
nm0000093,PFCS Award,2009
nm0000093,SDFCS Award,2009
nm0000093,NYFCC Award,2011
nm0000093,SDFCS Award,2006
nm0000093,BSFC Award,2011
nm0000093,Desert Palm Achievement Award,2012
nm0000093,NSFC Award,2012
nm0000093,Black Reel,2014
nm0000093,PGA Award,2014
nm0000093,BAFTA Film Award,2014
nm0000093,Oscar,2014
nm0000093,Independent Spirit Award,2014
nm0000093,MTV Movie Award,2014
nm0000093,ICS Award,2012
nm0000093,IFC Award,2012
nm0000093,DFCS Award,2012
nm0000093,CinEuphoria,2012
nm0000093,GAFCA Award,2012
nm0000093,GAFCA Award,2012
nm0000093,OFTA Film Award,2014
nm0000093,CinEuphoria,2010
nm0000093,Primetime Emmy,2014
nm0000093,Stanley Kramer Award,2015
nm0000093,Visionary Award,2015
nm0000093,ACCA,2009
nm0000093,ACCA,2006
nm0000093,IOMA,2012
nm0000093,BFCC Award,2013
nm0000093,IFCS Award,2008
nm0000093,Gotham Independent Film Award,2006
nm0000093,Gotham Independent Film Award,2011
nm0000093,EDA Award,2013
nm0000093,Ensemble Cast Award,2016
nm0000093,PGA Award,2016
nm0000093,Gold Derby Film Award,2007
nm0000093,Gold Derby Film Award,2010
nm0000093,Gold Derby Film Award,2014
nm0000093,Bravo Otto Germany,1995
nm0000093,Bravo Otto Germany,2004
nm0000093,Yoga Award,2000
nm0000093,Yoga Award,2005
nm0000093,INOCA,2012
nm0000093,CinEuphoria,2010
nm0000093,CinEuphoria,2010
nm0000093,CinEuphoria,2012
nm0000093,AFCC Award,2019
nm0000093,NBR Award,2019
nm0000093,Critics Choice Award,2020
nm0000093,Golden Globe,2020
nm0000093,SDFCS Award,2019
nm0000093,Actor,2020
nm0000093,TFCA Award,2019
nm0000093,SLFCA Award,2019
nm0000093,PFCC Award,2019
nm0000093,WAFCA Award,2019
nm0000093,SEFCA Award,2019
nm0000093,AACTA International Award,2020
nm0000093,CFCA Award,2019
nm0000093,DFWFCA Award,2019
nm0000093,VFCC Award,2019
nm0000093,OFCC Award,2019
nm0000093,BOFCA Award,2019
nm0000093,BSFC Award,2019
nm0001401,Critics Choice Award,2000
nm0001401,NBR Award,1998
nm0001401,Oscar,2000
nm0001401,Golden Globe,1998
nm0001401,Golden Globe,1999
nm0001401,Golden Globe,2000
nm0001401,ShoWest Award,2000
nm0001401,Actor,1999
nm0001401,Actor,2000
nm0001401,Blockbuster Entertainment Award,2000
nm0001401,Saturn Award,2009
nm0001401,Golden Satellite Award,1999
nm0001401,Actress of the Year,2000
nm0001401,Grand Jury Award,1998
nm0001401,People's Choice Award,2009
nm0001401,Teen Choice Award,2005
nm0001401,Teen Choice Award,2005
nm0001401,Teen Choice Award,2005
nm0001401,NRJ Ciné Award,2006
nm0001401,People's Choice Award,2005
nm0001401,MTV Movie Award,2006
nm0001401,Satellite Award,2008
nm0001401,Blockbuster Entertainment Award,2001
nm0001401,Rembrandt Award,2011
nm0001401,Teen Choice Award,2011
nm0001401,Heart of Sarajevo,2011
nm0001401,Cinema for Peace Award,2012
nm0001401,Silver Berlin Bear,2007
nm0001401,Jean Hersholt Humanitarian Award,2014
nm0001401,AAFCA Award,2008
nm0001401,EDA Female Focus Award,2012
nm0001401,EDA Female Focus Award,2007
nm0001401,OFTA Television Award,1998
nm0001401,CinEuphoria,2010
nm0001401,EDA Female Focus Award,2013
nm0001401,Icon Award,2004
nm0001401,BTVA People's Choice Voice Acting Award,2012
nm0001401,Stanley Kramer Award,2012
nm0001401,Truly Moving Picture Award,2014
nm0001401,Acting and Activism Award,2007
nm0001401,Blimp Award,2015
nm0001401,Audience Award,2015
nm0001401,ACCA,1999
nm0001401,Cinema for Peace Award,2015
nm0001401,BTVA Feature Film Voice Acting Award,2012
nm0001401,Yoga Award,2001
nm0001401,Outstanding Performer of the Year Award,2008
nm0001401,Yoga Award,2017
nm0001401,Georges Award,2015
nm0001401,Stinker Award,2004
nm0001401,Georges Award,2006
nm0001401,CinEuphoria,2015
nm0001401,CinEuphoria,2016
nm0001401,Hollywood Film Award,2017
nm0001401,CinEuphoria,2018
nm0001401,Board of the Governors Award,2018
nm0001401,Rembrandt Award,2015
nm0001401,Scream Award,2008
nm0001401,TIFF Tribute Award in Impact Media,2024
nm0001401,Tribute Award,2024
nm0001401,Modern Master Award,2025
nm0001401,Desert Palm Achievement Award,2025
nm0000138,Razzie Award,1999
nm0000138,COFCA Award,2007
nm0000138,AFCA Award,2007
nm0000138,NBR Award,1993
nm0000138,NBR Award,2006
nm0000138,Silver Berlin Bear,1997
nm0000138,Golden Globe,2005
nm0000138,Audience Award,2007
nm0000138,MTV Movie Award,1998
nm0000138,Ensemble Cast Award,2009
nm0000138,MTV Movie Award,2005
nm0000138,Satellite Award,2006
nm0000138,Blockbuster Entertainment Award,1998
nm0000138,Big Green Help Award,2009
nm0000138,Chlotrudis Award,1997
nm0000138,Teen Choice Award,2003
nm0000138,Blockbuster Entertainment Award,1997
nm0000138,Teen Choice Award,2010
nm0000138,Satellite Award,2006
nm0000138,COFCA Award,2007
nm0000138,NBR Award,2012
nm0000138,American Riviera Award,2013
nm0000138,Hollywood Film Award,2004
nm0000138,New Generation Award,1993
nm0000138,People's Choice Award,2014
nm0000138,Spotlight Award,2013
nm0000138,Golden Globe,2014
nm0000138,Critics Choice Award,2014
nm0000138,Cinema Vanguard Award,2014
nm0000138,MTV Movie Award,2014
nm0000138,CFCA Award,1994
nm0000138,Scream Award,2010
nm0000138,ICS Award,2014
nm0000138,ICS Award,2007
nm0000138,Rembrandt Award,2014
nm0000138,DFCC,2006
nm0000138,IGN People's Choice Award,2013
nm0000138,ACCA,2013
nm0000138,Golden Schmoes,2013
nm0000138,ACCA,2006
nm0000138,ACCA,2004
nm0000138,INOCA,2014
nm0000138,Golden Schmoes,2006
nm0000138,Satellite Award,2016
nm0000138,BSFC Award,2015
nm0000138,WAFCA Award,2015
nm0000138,Actor,2016
nm0000138,Golden Globe,2016
nm0000138,Critics Choice Award,2016
nm0000138,SDFCS Award,2015
nm0000138,PFCS Award,2015
nm0000138,SLFCA Award,2015
nm0000138,CFCA Award,2015
nm0000138,DFWFCA Award,2015
nm0000138,Sierra Award,2015
nm0000138,Just Kidding Award,2015
nm0000138,KCFCC Award,2015
nm0000138,UFCA Award,2015
nm0000138,Gold Derby Film Award,2014
nm0000138,COFCA Award,2016
nm0000138,Seattle Film Critics Award,2016
nm0000138,BAFTA Film Award,2016
nm0000138,NFCS Award,2015
nm0000138,GAFCA Award,2016
nm0000138,Oscar,2016
nm0000138,Dorian Award,2016
nm0000138,NTFCA Award,2016
nm0000138,DFCS Award,2016
nm0000138,Seattle Film Critics Award,2014
nm0000129,Razzie Award,1995
nm0000129,Razzie Award,2006
nm0000129,CFCA Award,1990
nm0000129,CFCA Award,2000
nm0000129,KCFCC Award,1988
nm0000129,Distinguished Achievement in Performing Arts,2005
nm0000129,FFCC Award,2000
nm0000129,NBR Award,1996
nm0000129,NBR Award,1999
nm0000129,Golden Globe,1997
nm0000129,Golden Globe,1990
nm0000129,Golden Globe,2000
nm0000129,Special Award,1987
nm0000129,Nova Award,1997
nm0000129,Special David,2005
nm0000129,MTV Generation Award,2005
nm0000129,Blockbuster Entertainment Award,2000
nm0000129,Saturn Award,2002
nm0000129,People's Choice Award,1990
nm0000129,People's Choice Award,1994
nm0000129,Wannabe Award,2001
nm0000129,Britannia Award,2005
nm0000129,Empire Award,2003
nm0000129,EMMA,2004
nm0000129,MTV Movie Award,2004
nm0000129,Man of the Year,1994
nm0000129,MTV Movie Award,1997
nm0000129,Golden Satellite Award,1997
nm0000129,MTV Movie Award,2001
nm0000129,Blockbuster Entertainment Award,1997
nm0000129,Special Silver Ribbon,2000
nm0000129,Star on the Walk of Fame,1986
nm0000129,Bambi,2007
nm0000129,Legend Award,2014
nm0000129,OFTA Film Award,1997
nm0000129,OFTA Film Award,2000
nm0000129,ACCA,1999
nm0000129,ACCA,1999
nm0000129,Yoga Award,1994
nm0000129,Bravo Otto Germany,1986
nm0000129,Bravo Otto Germany,1987
nm0000129,Bravo Otto Germany,1989
nm0000129,Bravo Otto Germany,1990
nm0000129,Bravo Otto Germany,1993
nm0000129,Bravo Otto Germany,1996
nm0000129,All Def Movie Award,2017
nm0000129,Blockbuster Entertainment Award,1995
nm0000129,MTV TRL Award,2003
nm0000129,Razzie Award,2018
nm0000129,Will Rogers Motion Picture Pioneers Award,2018
nm0000129,EDA Special Mention Award,2019
nm0000129,Peabody Award,2002
nm0000129,OFTA Film Hall of Fame,2020
nm0000129,National Film Award,2018
nm0000129,Honorary Golden Palm,2022
nm0000129,Saturn Award,2022
nm0000129,David O. Selznick Achievement Award in Theatrical Motion Pictures,2023
nm0000129,CCA Super Award,2023
nm0000129,MTV Movie + TV Award,2023
nm0000129,Showmanship Award,2023
nm0000129,Golden Schmoes,2023
nm0000129,Golden Schmoes,2023
nm0000129,CCA Super Award,2024
nm0000129,Golden Schmoes,2024
nm0000237,Razzie Award,2001
nm0000237,Razzie Award,2001
nm0000237,Razzie Award,2001
nm0000237,SEFCA Award,1996
nm0000237,ALFS Award,1995
nm0000237,LAFCA Award,1994
nm0000237,NBR Award,1977
nm0000237,Golden Globe,1996
nm0000237,Henrietta Award,1979
nm0000237,ShoWest Award,1996
nm0000237,David,1995
nm0000237,MTV Movie Award,1998
nm0000237,Desert Palm Achievement Award,1999
nm0000237,Ensemble Cast Award,2008
nm0000237,MTV Movie Award,1995
nm0000237,Best Actor,1994
nm0000237,Britannia Award,1998
nm0000237,Lifetime Achievement Award,1998
nm0000237,Golden Apple,1978
nm0000237,Golden Apple,1998
nm0000237,Lifetime Achievement Award,2004
nm0000237,Hollywood Film Award,2007
nm0000237,Hollywood Film Award,2007
nm0000237,American Comedy Award,1996
nm0000237,Man of the Year,1981
nm0000237,TV Land Award,2003
nm0000237,Blockbuster Entertainment Award,1997
nm0000237,World Artist Award,1999
nm0000237,Star on the Walk of Fame,1985
nm0000237,Critics Choice Award,2008
nm0000237,Golden Camera,2011
nm0000237,Donostia Lifetime Achievement Award,2012
nm0000237,Golden Eye for Lifetime Achievement,2012
nm0000237,Special Prize for Outstanding Contribution to World Cinema,2013
nm0000237,Special Achievement Award,1999
nm0000237,WFCC Award,2007
nm0000237,Movies for Grownups Award,2008
nm0000237,Stinker Award,1978
nm0000237,Stinker Award,2000
nm0000237,Bravo Otto Germany,1978
nm0000237,Bravo Otto Germany,1979
nm0000237,Bravo Otto Germany,1983
nm0000237,Yoga Award,2001
nm0000237,ACCA,1994
nm0000237,Kirk Douglas Award for Excellence in Film,2008
nm0000237,Primetime Emmy,2016
nm0000237,PGA Award,2017
nm0000237,Stinker Award,2000
nm0000237,Stinker Award,2000
nm0000237,FilmInk Award,2008
nm0000237,Black Reel,2017
nm0000237,Razzie Award,2020
nm0000216,Razzie Award,2005
nm0000216,Golden Globe,1977
nm0000216,Special Award,1985
nm0000216,Special Award,1993
nm0000216,Humanitarian Award,1997
nm0000216,Life Career Award,1992
nm0000216,MTV Movie Award,1992
nm0000216,World Artist Award,1998
nm0000216,Blimp Award,1991
nm0000216,Hall of Fame,1992
nm0000216,Maverick Tribute Award,2004
nm0000216,Golden Apple,1996
nm0000216,Taurus Honorary Award,2001
nm0000216,Star on the Walk of Fame,1987
nm0000216,Bambi,1996
nm0000216,Golden Camera,1997
nm0000216,Action Hero Award,2014
nm0000216,Primetime Emmy,2014
nm0000216,Blimp Award,1989
nm0000216,Golden Camera for Lifetime Achievement,2015
nm0000216,Golden Icon Award,2015
nm0000216,Lifetime Achievement Award,2003
nm0000216,Stinker Award,2004
nm0000216,Bambi,2017
nm0000216,Almería Tierra de Cine Award,2014
nm0000216,OFTA Film Hall of Fame,2021
nm0000216,May Award,2022
nm0000216,May Award,2022
nm0000216,Blimp Award,1992
nm0000216,GQ Germany Man Of The Year,2017
nm0000216,OFTA Film Hall of Fame,2023
nm0000216,Honorary Award of the Bavarian Minister President,2022
nm0000230,Razzie Award,1986
nm0000230,Razzie Award,1986
nm0000230,Razzie Award,1986
nm0000230,Razzie Award,1990
nm0000230,Razzie Award,1989
nm0000230,Razzie Award,1995
nm0000230,Razzie Award,2004
nm0000230,Razzie Award,2000
nm0000230,Razzie Award,1985
nm0000230,Razzie Award,1993
nm0000230,KCFCC Award,1976
nm0000230,Special Award,1979
nm0000230,Special Award,1984
nm0000230,Honorary César,1992
nm0000230,David,1977
nm0000230,Desert Palm Achievement Award,1998
nm0000230,Lifetime Achievement Award,1997
nm0000230,People's Choice Award,1986
nm0000230,Best Actor,1997
nm0000230,Sour Apple,1985
nm0000230,Golden Apple,1997
nm0000230,Man of the Year,1986
nm0000230,Golden Camera,2004
nm0000230,Star on the Walk of Fame,1984
nm0000230,Taurus Honorary Award,2005
nm0000230,Lifetime Achievement Award,2010
nm0000230,Golden Icon Award,2008
nm0000230,CinemaCon Award,2012
nm0000230,Jupiter Award,1983
nm0000230,Lifetime Achievement Diamond Award,2013
nm0000230,Stinker Award,1995
nm0000230,NBR Award,2015
nm0000230,BOFCA Award,2015
nm0000230,Golden Globe,2016
nm0000230,Showmanship Award,1983
nm0000230,Lifetime Achievement Award,2011
nm0000230,Critics Choice Award,2016
nm0000230,SEFCA Award,2015
nm0000230,SLFCA Award,2015
nm0000230,AFCA Award,2015
nm0000230,Sierra Award,2015
nm0000230,BFCC Award,2015
nm0000230,UFCA Award,2015
nm0000230,PCC Award,2015
nm0000230,GAFCA Award,2016
nm0000230,Redeemer Award,2016
nm0000230,DFCS Award,2016
nm0000230,Montecito Award,2016
nm0000230,OFCC Award,2016
nm0000230,Golden Schmoes,2015
nm0000230,ACCA,2015
nm0000230,Gold Derby Film Award,2016
nm0000230,Stinker Award,1978
nm0000230,Stinker Award,2003
nm0000230,Bravo Otto Germany,1985
nm0000230,Black Reel,2016
nm0000230,Lifetime Achievement Award,2016
nm0000230,Peabody Award,2002
nm0000230,Jaeger-LeCoultre Glory to the Filmmaker Award,2009
nm0000230,Gold Telly,2020
nm0000230,Gold Telly,2020
nm0000230,Christopher Award,2016
nm0000230,May Award,2022
nm0000230,May Award,2022
nm0000230,OFTA Film Hall of Fame,2023
nm0000230,Razzie Award,2024
nm0000701,CFCA Award,2008
nm0000701,SDFCS Award,2008
nm0000701,ALFS Award,1996
nm0000701,ALFS Award,2005
nm0000701,ALFS Award,2009
nm0000701,LAFCA Award,2001
nm0000701,Sierra Award,2005
nm0000701,Sierra Award,2008
nm0000701,Critics Choice Award,2009
nm0000701,OFCS Award,2005
nm0000701,VFCC Award,2009
nm0000701,Oscar,2009
nm0000701,Golden Globe,2009
nm0000701,Golden Globe,2009
nm0000701,EFA People's Choice Award,1998
nm0000701,European Film Award,2009
nm0000701,EFA People's Choice Award,2002
nm0000701,Montecito Award,2009
nm0000701,Actor,2009
nm0000701,Actor,1996
nm0000701,BAFTA Film Award,1996
nm0000701,BAFTA Film Award,2009
nm0000701,Film Award,1995
nm0000701,Elvira Notari Prize,1999
nm0000701,Desert Palm Achievement Award,2007
nm0000701,Ensemble Cast Award,2009
nm0000701,Blockbuster Entertainment Award,1998
nm0000701,Tribute Award,2006
nm0000701,Britannia Award,2007
nm0000701,Empire Award,1996
nm0000701,Empire Award,1998
nm0000701,Empire Award,1999
nm0000701,Empire Award,2002
nm0000701,Empire Award,2005
nm0000701,Evening Standard British Film Award,1997
nm0000701,Evening Standard British Film Award,2002
nm0000701,Golden Camera,2001
nm0000701,Primetime Emmy,2011
nm0000701,Satellite Award,2011
nm0000701,BSFC Award,2011
nm0000701,Golden Globe,2012
nm0000701,Actor,2012
nm0000701,Honorary César,2012
nm0000701,Bambi,2009
nm0000701,Grammy,2000
nm0000701,Star on the Walk of Fame,2014
nm0000701,SLFCA Award,2008
nm0000701,ICS Award,2005
nm0000701,EDA Award,2008
nm0000701,EDA Special Mention Award,2008
nm0000701,DFCS Award,2008
nm0000701,OFTA Film Award,1998
nm0000701,OFTA Film Award,1998
nm0000701,OFTA Television Award,2011
nm0000701,OFTA Film Award,2009
nm0000701,CinEuphoria,2010
nm0000701,CinEuphoria,2010
nm0000701,Jupiter Award,1999
nm0000701,IOMA,2009
nm0000701,ACCA,2008
nm0000701,Golden Schmoes,2008
nm0000701,ACCA,2008
nm0000701,ACCA,2004
nm0000701,IOMA,2005
nm0000701,ACCA,1995
nm0000701,Harper's Bazaar Award,2015
nm0000701,Woman of the Year,2015
nm0000701,Variety Award,2015
nm0000701,Golden Globe,2016
nm0000701,ALFS Award,2016
nm0000701,BAFTA Film Award,2016
nm0000701,Gold Derby Film Award,2009
nm0000701,AFCA Award,2016
nm0000701,FCCA Award,2016
nm0000701,IFC Award,2016
nm0000701,Gold Derby TV Award,2011
nm0000701,Gold Derby TV Award,2006
nm0000701,Bravo Otto Germany,1998
nm0000701,INOCA,2005
nm0000701,AACTA Award,2015
nm0000701,INOCA,2009
nm0000701,Outstanding Performer of the Year Award,2005
nm0000701,Hollywood Film Award,2017
nm0000701,Dilys Powell Award,2018
nm0000701,Sant Jordi,2018
nm0000701,EDA Special Mention Award,2018
nm0000701,Felix,2016
nm0000701,OFTA Film Hall of Fame,2019
nm0000701,WAFCA Award,2004
nm0000701,Tribute Actor Award,2020
nm0000701,Gold Derby TV Award,2010
nm0000288,Special Award,2007
nm0000288,Saturn Award,2006
nm0000288,Robert Altman Award,2008
nm0000288,Chlotrudis Award,2001
nm0000288,Empire Award,2009
nm0000288,People's Choice Award,2009
nm0000288,People's Choice Award,2009
nm0000288,People's Choice Award,2009
nm0000288,Young Artist Award,1989
nm0000288,MTV Movie Award,2006
nm0000288,Best Actor,2004
nm0000288,Satellite Award,2010
nm0000288,NBR Award,2010
nm0000288,WAFCA Award,2010
nm0000288,BSFC Award,2010
nm0000288,BSFC Award,2010
nm0000288,Golden Globe,2011
nm0000288,Actor,2011
nm0000288,Critics Choice Award,2011
nm0000288,Sierra Award,2010
nm0000288,DFWFCA Award,2010
nm0000288,FFCC Award,2010
nm0000288,CFCA Award,2010
nm0000288,ALFS Award,2011
nm0000288,AFCA Award,2010
nm0000288,PFCS Award,2010
nm0000288,KCFCC Award,2010
nm0000288,OFCS Award,2011
nm0000288,COFCA Award,2011
nm0000288,VFCC Award,2011
nm0000288,Oscar,2011
nm0000288,Special Citation,1987
nm0000288,Ensemble Cast Award,2014
nm0000288,Actor,2014
nm0000288,PFCS Award,2013
nm0000288,COFCA Award,2014
nm0000288,NYFCO Award,2013
nm0000288,NTFCA Award,2011
nm0000288,IFC Award,2011
nm0000288,NYFCO Award,2010
nm0000288,DFCS Award,2011
nm0000288,SLFCA Award,2010
nm0000288,HFCS Award,2010
nm0000288,IFJA Award,2010
nm0000288,EDA Award,2011
nm0000288,IGN Award,2010
nm0000288,Critics Award,2012
nm0000288,UFCA Award,2010
nm0000288,OFTA Film Award,2011
nm0000288,OFCC Award,2010
nm0000288,Golden Schmoes,2010
nm0000288,ACCA,2010
nm0000288,IOMA,2011
nm0000288,Davis Award,2010
nm0000288,ACCA,2000
nm0000288,Satellite Award,2016
nm0000288,Critics Choice Award,2016
nm0000288,DFCS Award,2010
nm0000288,Ensemble Cast Award,2016
nm0000288,Gold Derby Film Award,2014
nm0000288,Seattle Film Critics Award,2014
nm0000288,Gold Derby Film Award,2011
nm0000288,INOCA,2011
nm0000288,Georges Award,2008
nm0000288,Golden Globe,2019
nm0000288,PFCC Award,2018
nm0000288,Critics Choice Award,2019
nm0000288,Critics Choice Award,2019
nm0000288,HFCS Award,2019
nm0000288,KCFCC Award,2018
nm0000288,DFWFCA Award,2018
nm0000288,NFCS Award,2018
nm0000288,MCFCA Award,2019
nm0000288,HFCS Award,2019
nm0000288,Satellite Award,2019
nm0000288,Chainsaw Award,2001
nm0000288,Teen Choice Award,2008
nm0000288,People's Choice Award,2009
nm0000288,COFCA Award,2009
nm0000288,ACCA,2008
nm0000288,Silver Medallion Award,2017
nm0000288,Yoga Award,2023
nm0000288,OFTA Film Hall of Fame,2024
nm0000288,YoungStar Award,1995
nm0000151,ALFS Award,1997
nm0000151,LAFCA Award,1987
nm0000151,KCFCC Award,1989
nm0000151,VFCC Award,2005
nm0000151,NYFCC Award,1987
nm0000151,NSFC Award,1988
nm0000151,NBR Award,1989
nm0000151,Career Achievement Award,2003
nm0000151,NBR Award,2009
nm0000151,Oscar,2005
nm0000151,Silver Berlin Bear,1990
nm0000151,Golden Globe,1990
nm0000151,Golden Pyramid,2006
nm0000151,Black Reel,2010
nm0000151,Actor,2005
nm0000151,Board of the Governors Award,2010
nm0000151,Joseph Plateau Life Achievement Award,2000
nm0000151,Career Achievement Award,2010
nm0000151,Image Award,2004
nm0000151,Independent Spirit Award,1988
nm0000151,Image Award,2005
nm0000151,Career Achievement Award,1998
nm0000151,Camie,2006
nm0000151,Chlotrudis Award,1995
nm0000151,Lifetime Achievement Award,2004
nm0000151,Hollywood Film Award,2000
nm0000151,Lifetime Achievement Award,2001
nm0000151,King Vidor Memorial Award,2006
nm0000151,Empire Award,1997
nm0000151,Special Prize for Outstanding Contribution to World Cinema,2003
nm0000151,Image Award,1998
nm0000151,People's Choice Award,2009
nm0000151,Image Award,2010
nm0000151,Star on the Walk of Fame,2003
nm0000151,Image Award,1989
nm0000151,Image Award,1990
nm0000151,Crystal Iris,1998
nm0000151,Image Award,1999
nm0000151,People's Choice Award,2012
nm0000151,Cecil B. DeMille Award,2012
nm0000151,Life Achievement Award,2011
nm0000151,Golden Camera for Lifetime Achievement,2012
nm0000151,Lifetime Achievement Award,2005
nm0000151,International Lifetime Achievement Award,2011
nm0000151,Golden Icon Award,2009
nm0000151,Bronze Wrangler,1993
nm0000151,AAFCA Award,2009
nm0000151,UFCA Award,2004
nm0000151,CinemaCon Award,2013
nm0000151,CinEuphoria,2011
nm0000151,Black Reel,2015
nm0000151,IOMA,2005
nm0000151,BTVA People's Choice Voice Acting Award,2015
nm0000151,Movies for Grownups Award,2016
nm0000151,Gala Tribute,2016
nm0000151,Career Achievement Award,2017
nm0000151,Movies for Grownups Award,2008
nm0000151,Life Achievement Award,2018
nm0000151,Grand Acting Award,2000
nm0000151,Clarence Derwent Award,1978
nm0000151,OFTA Film Hall of Fame,2020
nm0000151,Kennedy Center Honors,2008
nm0000151,People's Choice Award,2009
nm0000151,COFCA Award,2009
nm0000151,ACCA,2008
nm0000151,Joseph Plateau Honorary Award,2000
nm0000206,MTV Movie Award,2000
nm0000206,MTV Movie Award,2000
nm0000206,Blockbuster Entertainment Award,2000
nm0000206,MTV Movie Award,1995
nm0000206,Golden Slate,2000
nm0000206,MTV Movie Award,1992
nm0000206,Teen Choice Award,2006
nm0000206,Star on the Walk of Fame,2005
nm0000206,Taurus Honorary Award,2004
nm0000206,Bambi,2008
nm0000206,CinemaCon Award,2016
nm0000206,Bravo Otto Germany,1994
nm0000206,Golden Schmoes,2019
nm0000206,Lance Reddick Legacy Award,2024
nm0000206,Star on Walk of Fame,2021
nm0000206,Jupiter Award,2024
nm0000115,CFCA Award,1996
nm0000115,LAFCA Award,1995
nm0000115,DFWFCA Award,1996
nm0000115,BSFC Award,1995
nm0000115,TFCA Award,2002
nm0000115,TFCA Award,2009
nm0000115,NYFCC Award,1995
nm0000115,NSFC Award,1996
nm0000115,NBR Award,1995
nm0000115,Tribute to Independent Vision Award,1995
nm0000115,Oscar,1996
nm0000115,Silver Seashell,1995
nm0000115,Golden Globe,1996
nm0000115,Golden Camera,2007
nm0000115,Special Award,2001
nm0000115,Actor,1996
nm0000115,Barrymore Award,2004
nm0000115,MTV Movie Award,1998
nm0000115,Desert Palm Achievement Award,2001
nm0000115,Blockbuster Entertainment Award,1998
nm0000115,Career Achievement Award,2003
nm0000115,Half-Life Award,2005
nm0000115,Peter J. Owens Award,1998
nm0000115,MTV Movie Award,1997
nm0000115,Career Exellence Award,1996
nm0000115,Star on the Walk of Fame,1998
nm0000115,Best Actor,1989
nm0000115,Blockbuster Entertainment Award,1997
nm0000115,Blockbuster Entertainment Award,1999
nm0000115,Blockbuster Entertainment Award,1999
nm0000115,Blockbuster Entertainment Award,2001
nm0000115,STFC Award,1995
nm0000115,Jupiter Award,1997
nm0000115,Jupiter Award,1998
nm0000115,Charlie Chaplin Icon Award,2014
nm0000115,WFCC Award,2005
nm0000115,Huading Award,2013
nm0000115,ACCA,1995
nm0000115,Stinker Award,2001
nm0000115,Yoga Award,2008
nm0000115,German Independence Honorary Award,2016
nm0000115,Star of Excellence,2016
nm0000115,Honorary Grand Prize,2018
nm0000115,Felix,2016
nm0000115,Chainsaw Award,2019
nm0000115,Sierra Award,2021
nm0000115,SLFCA Award,2021
nm0000115,NTFCA Award,2021
nm0000115,UFCA Award,2021
nm0000115,GWNYFCA Award,2021
nm0000115,AFCA Award,2022
nm0000115,GAFCA Award,2022
nm0000115,HFCS Award,2022
nm0000115,SFCS Award,2022
nm0000115,IFCS Award,2022
nm0000115,SDFCS Award,2022
nm0000115,MCFCA Award,2022
nm0000115,MNFCA Award,2022
nm0000115,Actor Achievement Award,2022
nm0000115,Golden Schmoes,2022
nm0000115,Creative Rosebud Award,2022
nm0000115,Maria Manetti Shrem Award for Acting,2023
nm0000115,William Holden Lifetime Achievement Award,2023
nm0000115,Saturn Award,2024
nm0000115,SDFCS Award,2023
nm0000115,CCA Super Award,2024
nm0413168,FCCA Award,2000
nm0413168,ShoWest Award,2006
nm0413168,Primetime Emmy,2005
nm0413168,Short Film Award,2004
nm0413168,Saturn Award,2001
nm0413168,Australian Star of the Year,1999
nm0413168,People's Choice Award,2010
nm0413168,People's Choice Award,2012
nm0413168,Special Achievement Award,2012
nm0413168,Golden Globe,2013
nm0413168,Star on the Walk of Fame,2012
nm0413168,Satellite Award,2012
nm0413168,NBR Award,2012
nm0413168,Donostia Lifetime Achievement Award,2013
nm0413168,NBR Award,2013
nm0413168,Golden Icon Award,2013
nm0413168,Icon Award,2014
nm0413168,Scream Award,2011
nm0413168,ACCA,2012
nm0413168,VGA,2009
nm0413168,OFTA Television Award,2009
nm0413168,MTV Movie + TV Award,2017
nm0413168,Bambi,2017
nm0413168,IGN People's Choice Award,2017
nm0413168,Golden Schmoes,2017
nm0413168,Empire Award,2018
nm0413168,Kirk Douglas Award for Excellence in Film,2018
nm0413168,Hollywood Film Award,2018
nm0413168,Grammy,2019
nm0413168,OFTA Television Award,2020
nm0413168,Audience Choice Award,2020
nm0413168,Odyssey Award,2017
nm0413168,Dorian Award,2020
nm0413168,OFTA Film Hall of Fame,2023
nm0413168,Cooler Award,2020
nm0001570,CFCA Award,1997
nm0001570,SEFCA Award,1997
nm0001570,SEFCA Award,1999
nm0001570,Special Award,2006
nm0001570,LAFCA Award,1996
nm0001570,BSFC Award,1996
nm0001570,KCFCC Award,1996
nm0001570,FFCC Award,1997
nm0001570,NBR Award,1996
nm0001570,STFC Award,1996
nm0001570,Golden Globe,1997
nm0001570,Street Award,2000
nm0001570,Golden Satellite Award,1999
nm0001570,Tribute Award,2006
nm0001570,Sant Jordi,2004
nm0001570,François Truffaut Award,2011
nm0001570,Best Actor,1999
nm0001570,COFCA Award,2013
nm0001570,PFCS Award,2012
nm0001570,OFTA Film Award,1997
nm0001570,Jupiter Award,2000
nm0001570,NBR Award,2014
nm0001570,BOFCA Award,2014
nm0001570,KCFCC Award,2014
nm0001570,SFFCC Award,2014
nm0001570,OFCC Award,2015
nm0001570,WAFCA Award,2014
nm0001570,SDFCS Award,2014
nm0001570,FFCC Award,2014
nm0001570,GAFCA Award,2015
nm0001570,COFCA Award,2015
nm0001570,Actor,2015
nm0001570,DFCS Award,2014
nm0001570,DFCS Award,2014
nm0001570,BOFCA Award,2014
nm0001570,Sierra Award,2014
nm0001570,NYFCO Award,2014
nm0001570,INOCA,2015
nm0001570,OFCS Award,2014
nm0001570,ACCA,1998
nm0001570,NCFCA Award,2015
nm0001570,Excellence Award,2015
nm0001570,SEFCA Award,2014
nm0001570,PFCS Award,2014
nm0001570,Gold Derby Film Award,2015
nm0001570,NTFCA Award,2015
nm0001570,Auteur Award,2019
nm0001570,BSFC Award,2024
nm0000246,Razzie Award,1992
nm0000246,Razzie Award,1999
nm0000246,Golden Globe,1987
nm0000246,Primetime Emmy,2000
nm0000246,Primetime Emmy,1987
nm0000246,Blockbuster Entertainment Award,2000
nm0000246,People's Choice Award,1986
nm0000246,Sour Apple,1987
nm0000246,Man of the Year,2002
nm0000246,Golden Camera,2005
nm0000246,Star on the Walk of Fame,2006
nm0000246,Blockbuster Entertainment Award,1999
nm0000246,Blockbuster Entertainment Award,1999
nm0000246,People's Choice Award,2000
nm0000246,COFCA Award,2013
nm0000246,PFCS Award,2012
nm0000246,Commander of the Order of Arts and Letters,2013
nm0000246,OFTA Television Award,2000
nm0000246,Stinker Award,1994
nm0000246,Stinker Award,1998
nm0000246,ACCA,1994
nm0000246,Lifetime Achievement Award,2023
nm0000246,Glenn Strange Honorary Award,2022
nm0000246,CinEuphoria,2024
nm0000158,CFCA Award,1995
nm0000158,CFCA Award,2001
nm0000158,SEFCA Award,1995
nm0000158,LAFCA Award,1988
nm0000158,KCFCC Award,1994
nm0000158,OFCS Award,2001
nm0000158,NYFCC Award,2000
nm0000158,NBR Award,1994
nm0000158,Oscar,1994
nm0000158,Oscar,1995
nm0000158,Silver Berlin Bear,1994
nm0000158,Golden Globe,1989
nm0000158,Golden Globe,1994
nm0000158,Golden Globe,1995
nm0000158,Golden Globe,2001
nm0000158,Special Award,1999
nm0000158,ShoWest Award,1995
nm0000158,PGA Award,1999
nm0000158,Vision Award,1999
nm0000158,PGA Award,2002
nm0000158,PGA Award,2009
nm0000158,Actor,1995
nm0000158,Actor,1996
nm0000158,Primetime Emmy,2002
nm0000158,Primetime Emmy,2002
nm0000158,Primetime Emmy,2008
nm0000158,Primetime Emmy,1998
nm0000158,People's Choice Award,2004
nm0000158,Blockbuster Entertainment Award,2000
nm0000158,Saturn Award,1990
nm0000158,People's Choice Award,1995
nm0000158,People's Choice Award,1996
nm0000158,People's Choice Award,1996
nm0000158,People's Choice Award,2002
nm0000158,People's Choice Award,2002
nm0000158,Britannia Award,2004
nm0000158,President's Award,1998
nm0000158,Golden Apple,1988
nm0000158,Actor of the Year,2002
nm0000158,Empire Award,1999
nm0000158,American Comedy Award,1989
nm0000158,American Comedy Award,1993
nm0000158,American Comedy Award,1995
nm0000158,Life Achievement Award,2002
nm0000158,Man of the Year,1995
nm0000158,TV Land Award,2007
nm0000158,MTV Movie Award,1994
nm0000158,Gala Tribute,2009
nm0000158,People's Choice Award,1999
nm0000158,Blockbuster Entertainment Award,1999
nm0000158,Star on the Walk of Fame,1992
nm0000158,Primetime Emmy,2010
nm0000158,DFWFCA Award,1995
nm0000158,Bambi,2004
nm0000158,Primetime Emmy,2012
nm0000158,PGA Award,2013
nm0000158,PGA Award,2011
nm0000158,Lifetime Achievement Award in Television,2011
nm0000158,Chairman's Award,2014
nm0000158,Teen Choice Award,2001
nm0000158,OFTA Film Award,2001
nm0000158,Jupiter Award,1995
nm0000158,Jupiter Award,2002
nm0000158,OFTA Television Award,2002
nm0000158,OFTA Television Award,1998
nm0000158,OFTA Film Hall of Fame,2015
nm0000158,Primetime Emmy,2015
nm0000158,Stinker Award,2006
nm0000158,Showmanship Award,2003
nm0000158,Christopher Award,2002
nm0000158,Christopher Award,2001
nm0000158,Yoga Award,2007
nm0000158,ACCA,1994
nm0000158,Hollywood Film Award,2016
nm0000158,Icon Award,2017
nm0000158,People's Choice Award,2017
nm0000158,ACCA,1993
nm0000158,Gold Derby TV Award,2017
nm0000158,Felix,2014
nm0000158,NBR Award,2017
nm0000158,Felix,2015
nm0000158,Streamy Award,2013
nm0000158,Kennedy Center Honors,2014
nm0000158,Museum of Modern Art Film Benefit Honoree,2016
nm0000158,Movies for Grownups Award,2020
nm0000158,NTFCA Award,2019
nm0000234,CFCA Award,2004
nm0000234,SFFCC Award,2003
nm0000234,COFCA Award,2004
nm0000234,Sierra Award,2004
nm0000234,DFWFCA Award,2004
nm0000234,Critics Choice Award,2004
nm0000234,VFCC Award,2004
nm0000234,NSFC Award,2004
nm0000234,NBR Award,2003
nm0000234,Oscar,2004
nm0000234,Silver Berlin Bear,2004
nm0000234,Golden Globe,2004
nm0000234,Golden Camera,2006
nm0000234,Half-Life Award,2007
nm0000234,Actor,2004
nm0000234,Desert Palm Achievement Award,2006
nm0000234,Golden Satellite Award,2004
nm0000234,Vanguard Award,2006
nm0000234,Independent Spirit Award,2004
nm0000234,Independent Spirit Award,2004
nm0000234,Spirit of Independence Award,2006
nm0000234,Woman of the Year,2008
nm0000234,Krzysztof Kieslowski Award,2004
nm0000234,Tribute Award,2011
nm0000234,Indie Impact Award,2012
nm0000234,Bambi,2000
nm0000234,Teen Choice Award,2012
nm0000234,Chairman's Vanguard Award,2012
nm0000234,Star on the Walk of Fame,2005
nm0000234,Hollywood Film Award,2005
nm0000234,NYFCO Award,2003
nm0000234,CinEuphoria,2013
nm0000234,CinemaCon Award,2012
nm0000234,UFCA Award,2003
nm0000234,OFTA Film Award,2004
nm0000234,Icon Award,2005
nm0000234,WFCC Award,2005
nm0000234,WFCC Award,2005
nm0000234,Acting and Activism Award,2013
nm0000234,OFTA Television Award,2005
nm0000234,ACCA,2003
nm0000234,IOFCP Award,2010
nm0000234,Critics Choice Award,2016
nm0000234,WFCC Award,2015
nm0000234,KCFCC Award,2015
nm0000234,WFCC Award,2015
nm0000234,Gold Derby Film Award,2004
nm0000234,Gold Derby Film Award,2010
nm0000234,EDA Female Focus Award,2016
nm0000234,VGA,2005
nm0000234,Saturn Award,2016
nm0000234,MTV Movie Award,2016
nm0000234,ACCA,2012
nm0000234,Golden Schmoes,2003
nm0000234,CinEuphoria,2016
nm0000234,Outstanding Performer of the Year Award,2004
nm0000234,BTVA Feature Film Voice Acting Award,2017
nm0000234,HFCS Award,2017
nm0000234,CinEuphoria,2018
nm0000234,CinemaCon Award,2019
nm0000234,Jupiter Award,2019
nm0000234,International Star Award,2020
nm0000234,NTFCA Award,2019
nm0000234,NFCS Award,2019
nm0000234,Best Actress,2005
nm0000234,Spotlight Award,2020
nm0000234,Teen Choice Award,2015
nm0000234,Odyssey Award,2016
nm0000234,Georges Award,2016
nm0000234,HCA Award,2018
nm0000226,Razzie Award,2000
nm0000226,Razzie Award,2000
nm0000226,ShoWest Award,2002
nm0000226,ShoWest Award,1999
nm0000226,Special Award,1997
nm0000226,ShoWest Award,1995
nm0000226,Honorary César,2005
nm0000226,MTV Movie Award,1998
nm0000226,MTV Movie Award,1998
nm0000226,Saturn Award,2008
nm0000226,Blockbuster Entertainment Award,1998
nm0000226,Blimp Award,1991
nm0000226,Hall of Fame,1997
nm0000226,Blimp Award,1998
nm0000226,Blimp Award,2000
nm0000226,Wannabe Award,2003
nm0000226,Blimp Award,2005
nm0000226,Blimp Award,2006
nm0000226,Blimp Award,2009
nm0000226,Universe Reader's Choice Award,1996
nm0000226,People's Choice Award,2009
nm0000226,People's Choice Award,2009
nm0000226,Teen Choice Award,2005
nm0000226,Teen Choice Award,2007
nm0000226,Teen Choice Award,2007
nm0000226,Teen Choice Award,2008
nm0000226,MTV Movie Award,2008
nm0000226,ASCAP Award,1994
nm0000226,ASCAP Award,1998
nm0000226,ASCAP Award,2000
nm0000226,NRJ Ciné Award,2007
nm0000226,Image Award,2009
nm0000226,MTV Movie Award,1997
nm0000226,People's Choice Award,2005
nm0000226,Blockbuster Entertainment Award,1997
nm0000226,Blockbuster Entertainment Award,1999
nm0000226,MTV Movie Award,2002
nm0000226,BET Award,2002
nm0000226,BET Award,2009
nm0000226,Modern Master Award,2007
nm0000226,NRJ Ciné Award,2004
nm0000226,NRJ Ciné Award,2005
nm0000226,Razzie Award,2014
nm0000226,Razzie Award,2014
nm0000226,Jupiter Award,2003
nm0000226,Jupiter Award,2005
nm0000226,Hollywood Film Award,2015
nm0000226,AAFCA Award,2015
nm0000226,Entertainer of the Year Award,1999
nm0000226,Creative Impact in Acting Award,2016
nm0000226,Grammy,1988
nm0000226,Grammy,1992
nm0000226,Grammy,1998
nm0000226,Grammy,1999
nm0000226,All Def Movie Award,2016
nm0000226,MTV Generation Award,2016
nm0000226,VMA,1997
nm0000226,VMA,1998
nm0000226,VMA,1998
nm0000226,VMA,1999
nm0000226,American Music Award,1999
nm0000226,MTV Europe Music Award,1999
nm0000226,Image Award,1999
nm0000226,Teen Choice Award,2019
nm0000226,Gold Creator Award,2018
nm0000226,People's Choice Award,2020
nm0000226,Pioneering Spirit Award,2021
nm0000226,NBR Award,2021
nm0000226,Ensemble Cast Award,2022
nm0000226,Golden Globe,2022
nm0000226,Critics Choice Award,2022
nm0000226,WFCC Award,2021
nm0000226,Black Reel,2022
nm0000226,Black Reel,2022
nm0000226,BFCC Award,2021
nm0000226,Actor,2022
nm0000226,Movies for Grownups Award,2022
nm0000226,AAFCA Award,2022
nm0000125,ALFS Award,1988
nm0000125,KCFCC Award,1987
nm0000125,NBR Award,1987
nm0000125,Career Achievement Award,1993
nm0000125,Oscar,1988
nm0000125,Cecil B. DeMille Award,1996
nm0000125,Henrietta Award,1972
nm0000125,Golden Globe,1988
nm0000125,EFA People's Choice Award,1999
nm0000125,Telegatto,2002
nm0000125,Lifetime Achievement Award,1999
nm0000125,Special Award,1982
nm0000125,Academy Fellowship,1998
nm0000125,Film Award in Gold,1987
nm0000125,BAFTA Film Award,1988
nm0000125,Lifetime Achievement Award,2001
nm0000125,Lifetime Achievement Award,1995
nm0000125,Golden Laurel,1964
nm0000125,Golden Laurel,1965
nm0000125,Golden Laurel,1966
nm0000125,Special Prize for Outstanding Contribution to World Cinema,2002
nm0000125,Life Achievement Award,2006
nm0000125,Man of the Year,1984
nm0000125,MTV Movie Award,1997
nm0000125,Gala Tribute,1997
nm0000125,Blockbuster Entertainment Award,1997
nm0000125,Special David,1977
nm0000125,Bambi,1985
nm0000125,Golden Marc'Aurelio Acting Award,2006
nm0000125,OFTA Film Award,1997
nm0000125,CinEuphoria,2011
nm0000125,Jupiter Award,1987
nm0000125,Jupiter Award,1990
nm0000125,Commander of the Order of Arts and Letters,1987
nm0000125,Christopher Award,2001
nm0000125,Lifetime Achievement Award,2005
nm0000125,Kennedy Center Honors,1999
nm0000125,OFTA Film Hall of Fame,2020
nm0000125,OFTA Film Hall of Fame,2021
nm0461136,ALFS Award,2003
nm0461136,Rembrandt Award,2008
nm0461136,Audience Award,2004
nm0461136,Camie,2006
nm0461136,Empire Award,2008
nm0461136,Teen Choice Award,2004
nm0461136,Teen Choice Award,2004
nm0461136,Teen Choice Award,2006
nm0461136,Teen Choice Award,2006
nm0461136,Teen Choice Award,2007
nm0461136,Teen Choice Award,2007
nm0461136,Teen Choice Award,2008
nm0461136,Golden Wave,2002
nm0461136,People's Choice Award,2007
nm0461136,Variety Award,2005
nm0461136,People's Choice Award,2008
nm0461136,SFX Award,2004
nm0461136,Empire Award,2011
nm0461136,Hollywood Breakthrough Award,2004
nm0461136,NYFCO Award,2005
nm0461136,EDA Special Mention Award,2007
nm0461136,Hollywood Film Award,2014
nm0461136,Ensemble Cast Award,2015
nm0461136,PFCS Award,2014
nm0461136,Jupiter Award,2015
nm0461136,Jury Prize,2014
nm0461136,Golden Schmoes,2003
nm0461136,Golden Schmoes,2003
nm0004874,MTV Movie Award,2002
nm0004874,Star on the Walk of Fame,2013
nm0004874,MTV Movie Award,2014
nm0004874,CinemaCon Award,2011
nm0004874,DFCS Award,2014
nm0004874,NFCS Award,2014
nm0004874,Black Reel,2018
nm0004874,March Monthly Award,2023
nm0004874,Best Producer,2023
nm0000354,CFCA Award,1998
nm0000354,Sierra Award,1998
nm0000354,Critics Choice Award,1998
nm0000354,Critics Choice Award,1998
nm0000354,FFCC Award,1998
nm0000354,NBR Award,2006
nm0000354,Oscar,1998
nm0000354,Silver Berlin Bear,1998
nm0000354,Golden Globe,1998
nm0000354,ShoWest Award,1998
nm0000354,ShoWest Award,2005
nm0000354,Humanitas Prize,1998
nm0000354,Golden Satellite Award,1998
nm0000354,Bronze Wrangler,2003
nm0000354,Empire Award,2005
nm0000354,Star on the Walk of Fame,2007
nm0000354,People's Choice Award,2008
nm0000354,Blockbuster Entertainment Award,1999
nm0000354,Joel Siegel Award,2011
nm0000354,Satellite Award,2006
nm0000354,COFCA Award,2007
nm0000354,Special Achievement Award,1997
nm0000354,Silver Berlin Bear,2007
nm0000354,Tribute Award,2012
nm0000354,Bronze Wrangler,2011
nm0000354,OFTA Film Award,1998
nm0000354,OFTA Television Award,2002
nm0000354,ACCA,1997
nm0000354,NBR Award,2015
nm0000354,Golden Globe,2016
nm0000354,Chairman's Award,2016
nm0000354,Humanitarian Award,2016
nm0000354,Empire Award,2016
nm0000354,All Def Movie Award,2017
nm0000354,Britannia Award,2017
nm0000354,Georges Award,2016
nm0000354,HCA Award,2023
nm0000354,Capri Ensemble Cast Award,2023
nm0000354,Actor,2024
nm0000354,Gold Derby Film Award,2024
nm0000152,Critics Choice Award,2003
nm0000152,Joel Siegel Award,2009
nm0000152,Freedom of Expression Award,1997
nm0000152,Donostia Lifetime Achievement Award,2007
nm0000152,Golden Globe,2003
nm0000152,ShoWest Award,1983
nm0000152,Actor,2003
nm0000152,David,1979
nm0000152,Robert Altman Award,2008
nm0000152,Career Achievement Award,2000
nm0000152,Hollywood Film Award,2007
nm0000152,Man of the Year,2006
nm0000152,Golden Camera,2010
nm0000152,Lifetime Achievement Award,2012
nm0000152,Golden Marc'Aurelio Acting Award,2011
nm0000152,Chairman's Award,2013
nm0000152,Golden Icon Award,2012
nm0000152,Special Prize for Outstanding Contribution to World Cinema,2015
nm0000152,Movies for Grownups Award,2003
nm0000152,Jury Prize,2013
nm0000152,Yoga Award,1995
nm0001876,PFCS Award,2003
nm0001876,Critics Choice Award,2003
nm0001876,Critics Choice Award,2003
nm0001876,Oscar,2003
nm0001876,EFA People's Choice Award,1999
nm0001876,ShoWest Award,2003
nm0001876,ShoWest Award,1999
nm0001876,Actor,2003
nm0001876,Actor,2003
nm0001876,Actor,2001
nm0001876,BAFTA Film Award,2003
nm0001876,Blockbuster Entertainment Award,2000
nm0001876,Evening Standard British Film Award,2003
nm0001876,Woman of the Year,2005
nm0001876,Blockbuster Entertainment Award,1999
nm0001876,OFTA Film Award,2003
nm0001876,Golden Schmoes,2002
nm0001876,INOCA,2003
nm0001876,Irina Palm,2012
nm0654110,COFCA Award,2007
nm0654110,Sierra Award,2005
nm0654110,Critics Choice Award,2002
nm0654110,OFCS Award,2002
nm0654110,FFCC Award,2002
nm0654110,TFCA Award,2004
nm0654110,NYFCC Award,2004
nm0654110,NBR Award,2004
nm0654110,Golden Globe,2005
nm0654110,Actor,2002
nm0654110,BAFTA Film Award,2005
nm0654110,Special Achievement Award,2002
nm0654110,Golden Camera,2013
nm0654110,ICS Award,2005
nm0654110,OFTA Film Award,2005
nm0654110,Satellite Award,2015
nm0654110,ACCA,2004
nm0654110,Gold Derby Film Award,2005
nm0654110,Gold Derby Film Award,2005
nm0654110,INOCA,2005
nm0654110,INOCA,2005
nm0654110,Special Achievement Award,2015
nm0000154,Critics Choice Award,1996
nm0000154,Oscar,1996
nm0000154,Oscar,1996
nm0000154,Golden Globe,1996
nm0000154,ShoWest Award,1993
nm0000154,ShoWest Award,1996
nm0000154,Outstanding Contribution to World Cinema,2008
nm0000154,AFI Award,1979
nm0000154,AFI Award,1981
nm0000154,Global Achievement Award,2002
nm0000154,People's Choice Award,2004
nm0000154,People's Choice Award,2001
nm0000154,People's Choice Award,2001
nm0000154,People's Choice Award,1991
nm0000154,Blockbuster Entertainment Award,1998
nm0000154,Golden Satellite Award,2005
nm0000154,Man of the Year,1997
nm0000154,MTV Movie Award,1993
nm0000154,MTV Movie Award,1993
nm0000154,People's Choice Award,1997
nm0000154,Grand Prix,2004
nm0000154,People's Choice Award,2003
nm0000154,Blockbuster Entertainment Award,1997
nm0000154,Blockbuster Entertainment Award,2001
nm0000154,Capri Movie of the Year Award,2004
nm0000154,Special Achievement Award,1995
nm0000154,Hollywood Film Award,2004
nm0000154,Special Prize for Outstanding Contribution to World Cinema,2014
nm0000154,EDA Female Focus Award,2011
nm0000154,Jupiter Award,1996
nm0000154,EDA Special Mention Award,2006
nm0000154,Yoga Award,2005
nm0000154,Hollywood Film Award,2016
nm0000154,AACTA International Award,2017
nm0000154,AACTA Award,2016
nm0000154,Capri Director Award,2016
nm0000154,CEC Award,2017
nm0000154,Redeemer Award,2017
nm0000154,CEC Award,1996
nm0000154,Golden Eagle,2005
nm0000154,Foreign Award,2004
nm0000154,Razzie Award,2018
nm0000154,Huading Award,2016
nm0000154,Christopher Award,2017
nm0000154,Top Film,2009
nm0000154,Guinness World Record,1995
nm0000123,PFCS Award,2009
nm0000123,SFFCC Award,2005
nm0000123,SFFCC Award,2007
nm0000123,COFCA Award,2010
nm0000123,COFCA Award,2010
nm0000123,SEFCA Award,2009
nm0000123,WAFCA Award,2007
nm0000123,WAFCA Award,2009
nm0000123,DFWFCA Award,2009
nm0000123,KCFCC Award,2005
nm0000123,KCFCC Award,2009
nm0000123,Freedom Award,2006
nm0000123,OFCS Award,2006
nm0000123,FFCC Award,2009
nm0000123,FCCA Award,2006
nm0000123,NYFCC Award,2009
nm0000123,Special Achievement Award,2002
nm0000123,NBR Award,2007
nm0000123,NBR Award,2009
nm0000123,Oscar,2006
nm0000123,Golden Globe,2006
nm0000123,Golden Globe,2001
nm0000123,Screen International Award,2005
nm0000123,Best Director,2005
nm0000123,Literary Award,2006
nm0000123,Paul Selvin Honorary Award,2006
nm0000123,Actor,1998
nm0000123,Actor,1996
nm0000123,Actor,1997
nm0000123,Golden Osella,2005
nm0000123,FIPRESCI Prize,2005
nm0000123,Pasinetti Award,2005
nm0000123,Human Rights Film Network Award - Special Mention,2005
nm0000123,Blockbuster Entertainment Award,2000
nm0000123,Saturn Award,1996
nm0000123,MTV Movie Award,1996
nm0000123,Spirit of Independence Award,2005
nm0000123,Modern Master Award,2006
nm0000123,Satellite Award,2005
nm0000123,Golden Camera,2000
nm0000123,Sant Jordi,2007
nm0000123,People's Choice Award,2008
nm0000123,PFCS Award,2005
nm0000123,Brian Award,2011
nm0000123,Hollywood Film Award,2011
nm0000123,NBR Award,2011
nm0000123,WAFCA Award,2011
nm0000123,Golden Globe,2012
nm0000123,Critics Choice Award,2012
nm0000123,SEFCA Award,2011
nm0000123,Capri Movie of the Year Award,2005
nm0000123,DFWFCA Award,2011
nm0000123,KCFCC Award,2011
nm0000123,Chairman's Award,2012
nm0000123,PGA Award,2013
nm0000123,BAFTA Film Award,2013
nm0000123,Oscar,2013
nm0000123,Britannia Award,2013
nm0000123,Special Achievement Award,1999
nm0000123,People's Choice Award,2014
nm0000123,Bob Hope Humanitarian Award,2010
nm0000123,IFJA Award,2009
nm0000123,Silver Medallion Award,2011
nm0000123,SLFCA Award,2005
nm0000123,SLFCA Award,2009
nm0000123,SLFCA Award,2011
nm0000123,HFCS Award,2009
nm0000123,DFCS Award,2007
nm0000123,NTFCA Award,2010
nm0000123,NTFCA Award,2012
nm0000123,OFTA Film Award,2006
nm0000123,OFTA Film Award,2006
nm0000123,OFTA Film Award,2013
nm0000123,Jupiter Award,2012
nm0000123,OFCC Award,2007
nm0000123,OFCC Award,2009
nm0000123,OFCC Award,2011
nm0000123,Cecil B. DeMille Award,2015
nm0000123,Truly Moving Picture Award,2014
nm0000123,Humanitarian Award,2010
nm0000123,WFCC Award,2011
nm0000197,PFCS Award,2006
nm0000197,CFCA Award,1993
nm0000197,SEFCA Award,1993
nm0000197,WAFCA Award,2002
nm0000197,ALFS Award,1999
nm0000197,LAFCA Award,1983
nm0000197,LAFCA Award,1987
nm0000197,LAFCA Award,2002
nm0000197,DFWFCA Award,2003
nm0000197,BSFC Award,1982
nm0000197,BSFC Award,1984
nm0000197,BSFC Award,1986
nm0000197,KCFCC Award,1969
nm0000197,KCFCC Award,1974
nm0000197,KCFCC Award,1981
nm0000197,KCFCC Award,1983
nm0000197,Critics Choice Award,1998
nm0000197,Critics Choice Award,2003
nm0000197,OFCS Award,1998
nm0000197,FFCC Award,2006
nm0000197,NYFCC Award,1969
nm0000197,NYFCC Award,1974
nm0000197,NYFCC Award,1975
nm0000197,NYFCC Award,1983
nm0000197,NYFCC Award,1985
nm0000197,NYFCC Award,1987
nm0000197,NSFC Award,1970
nm0000197,NSFC Award,1975
nm0000197,NSFC Award,1975
nm0000197,NSFC Award,1984
nm0000197,NSFC Award,1986
nm0000197,AFCA Award,2007
nm0000197,NBR Award,1975
nm0000197,NBR Award,1981
nm0000197,NBR Award,1983
nm0000197,NBR Award,1992
nm0000197,NBR Award,1997
nm0000197,NBR Award,2006
nm0000197,Best Actor,1974
nm0000197,Oscar,1998
nm0000197,Oscar,1976
nm0000197,Oscar,1984
nm0000197,Golden Globe,2003
nm0000197,Golden Globe,1976
nm0000197,Golden Globe,1998
nm0000197,Golden Globe,1984
nm0000197,Golden Globe,1986
nm0000197,Cecil B. DeMille Award,1999
nm0000197,Golden Globe,1975
nm0000197,Actor,1998
nm0000197,BAFTA Film Award,1975
nm0000197,BAFTA Film Award,1977
nm0000197,BAFTA Film Award,1983
nm0000197,David,1976
nm0000197,MTV Movie Award,2007
nm0000197,Saturn Award,1988
nm0000197,Golden Satellite Award,1998
nm0000197,Golden Laurel,1970
nm0000197,Marquee Award,2004
nm0000197,American Comedy Award,1998
nm0000197,Life Achievement Award,1994
nm0000197,Golden Camera,2004
nm0000197,Stanislavsky Prize,2001
nm0000197,Star on the Walk of Fame,1996
nm0000197,Sant Jordi,1977
nm0000197,Fotogramas de Plata,1975
nm0000197,SDFCS Award,1997
nm0000197,Satellite Award,2006
nm0000197,COFCA Award,2007
nm0000197,NTFCA Award,2007
nm0000197,Silver Medallion Award,1975
nm0000197,DFCC,2006
nm0000197,OFTA Film Award,1998
nm0000197,OFTA Film Award,1998
nm0000197,CinEuphoria,2011
nm0000197,Jupiter Award,1999
nm0000197,Audience Award,1999
nm0000197,ACCA,1997
nm0000197,Golden Schmoes,2006
nm0000197,OFTA Film Hall of Fame,1997
nm0000197,Gold Derby Film Award,2008
nm0000197,Movies for Grownups Award,2004
nm0000197,Movies for Grownups Award,2003
nm0000197,IOMA,2007
nm0000197,INOCA,2003
nm0000197,Movies for Grownups Award,2008
nm0000197,Felix,2018
nm0000197,Grammy,1988
nm0000197,Kennedy Center Honors,2001
nm0000197,OFTA Film Hall of Fame,2023
nm0424060,BSFC Award,2003
nm0424060,TFCA Award,2001
nm0424060,BAFTA Film Award,2004
nm0424060,Upstream Prize,2003
nm0424060,YoungStar Award,1998
nm0424060,Chlotrudis Award,2002
nm0424060,Gertrudis Award,2002
nm0424060,Hollywood Breakthrough Award,2003
nm0424060,Woman of the Year,2007
nm0424060,Young Artist Award,2002
nm0424060,Young Artist Award,2002
nm0424060,Sant Jordi,2005
nm0424060,New Generation Award,2003
nm0424060,Rising Star Award,2004
nm0424060,Golden Camera,2012
nm0424060,Star on the Walk of Fame,2012
nm0424060,MTV Movie Award,2013
nm0424060,Best Actress,2013
nm0424060,Special Honorary Award,2013
nm0424060,Honorary César,2014
nm0424060,Saturn Award,2014
nm0424060,Scream Award,2010
nm0424060,NYFCO Award,2003
nm0424060,EDA Special Mention Award,2008
nm0424060,EDA Special Mention Award,2013
nm0424060,UFCA Award,2013
nm0424060,OFTA Film Award,2014
nm0424060,DFCS Award,2013
nm0424060,BTVA Feature Film Voice Acting Award,2014
nm0424060,EDA Special Mention Award,2015
nm0424060,Golden Schmoes,2012
nm0424060,Gotham Independent Film Award,2008
nm0424060,Seattle Film Critics Award,2014
nm0424060,IOMA,2006
nm0424060,INOCA,2004
nm0424060,Georges Award,2015
nm0424060,Premiere New Power Award,2005
nm0424060,Dynamic Duo Award,2012
nm0424060,Teen Choice Award,2018
nm0424060,Audience Award,2008
nm0424060,People's Choice Award,2018
nm0424060,Teen Choice Award,2019
nm0424060,Outstanding Performer of the Year Award,2020
nm0424060,Robert Altman Award,2020
nm0424060,Satellite Award,2019
nm0424060,DFCS Award,2019
nm0424060,WFCC Award,2019
nm0424060,SLFCA Award,2019
nm0424060,OAFFC Award,2019
nm0424060,DFWFCA Award,2019
nm0424060,VFCC Award,2019
nm0424060,NFCS Award,2019
nm0424060,FFCC Award,2019
nm0424060,DFCC,2019
nm0424060,UFCA Award,2019
nm0424060,WIN Award,2020
nm0424060,DFCS Award,2020
nm0424060,Golden Schmoes,2019
nm0362766,British Independent Film Award,2009
nm0362766,Rising Star Award,2011
nm0362766,COFCA Award,2012
nm0362766,Scream Award,2010
nm0362766,LAFCA Award,2014
nm0362766,TFCA Award,2014
nm0362766,Sant Jordi,2015
nm0362766,Chlotrudis Award,2015
nm0362766,British Independent Film Award,2015
nm0362766,Critics Choice Award,2016
nm0362766,ALFS Award,2016
nm0362766,TFCA Award,2015
nm0362766,HFCS Award,2016
nm0362766,NFCS Award,2012
nm0362766,NFCS Award,2015
nm0362766,OFTA Film Award,2016
nm0362766,C21's International Drama Award,2017
nm0362766,Teen Choice Award,2015
nm0362766,MTV Movie Award,2011
nm0362766,MTV Movie Award,2011
nm0362766,Emmy,2019
nm0362766,Georges Award,2016
nm0000375,COFCA Award,2009
nm0000375,ALFS Award,1993
nm0000375,Special Jury Prize,2006
nm0000375,Golden Globe,2001
nm0000375,Golden Globe,2010
nm0000375,ShoWest Award,2008
nm0000375,Actor,2001
nm0000375,BAFTA Film Award,1993
nm0000375,IFTA Award,2009
nm0000375,IFTA Award,2010
nm0000375,Saturn Award,1994
nm0000375,Saturn Award,2009
nm0000375,Career Achievement Award,2003
nm0000375,Screen Idol Award,2001
nm0000375,Man of the Year,2004
nm0000375,Best Actor,2003
nm0000375,Special Volpi Cup,1993
nm0000375,People's Choice Award,2013
nm0000375,People's Choice Award,2013
nm0000375,MTV Movie Award,2013
nm0000375,Teen Choice Award,2013
nm0000375,People's Choice Award,2014
nm0000375,Blimp Award,2014
nm0000375,Saturn Award,2014
nm0000375,Scream Award,2010
nm0000375,Britannia Award,2014
nm0000375,People's Choice Award,2015
nm0000375,People's Choice Award,2015
nm0000375,MTV Generation Award,2015
nm0000375,Golden Schmoes,2009
nm0000375,Golden Schmoes,2008
nm0000375,Special Award,1994
nm0000375,People's Choice Award,2017
nm0000375,Georges Award,2012
nm0000375,Georges Award,2013
nm0000375,Teen Choice Award,2018
nm0000375,MTV Movie + TV Award,2019
nm0000375,Teen Choice Award,2019
nm0000375,Saturn Award,2019
nm0000375,People's Choice Award,2019
nm0000375,Vice/Martin Award,2019
nm0000375,Scream Award,2008
nm0000375,Kids' Choice Award,2021
nm0000375,Maltin Modern Master Award,2024
nm0000375,AFCC Award,2023
nm0000375,Sierra Award,2023
nm0000375,Golden Globe,2024
nm0000375,NTFCA Award,2023
nm0000375,Critics Choice Award,2024
nm0000375,PCC Award,2023
nm0000375,SDFCS Award,2023
nm0000375,PFCC Award,2023
nm0000375,DFWFCA Award,2023
nm0000375,SEFCA Award,2023
nm0000375,NCFCA Award,2024
nm0000375,NFCS Award,2023
nm0000375,Capri Ensemble Cast Award,2023
nm0000375,GAFCA Award,2024
nm0000375,CACF Award,2024
nm0000375,AFCA Award,2024
nm0000375,SFBAFCC Award,2024
nm0000375,NDFS Award,2024
nm0000375,MCFCA Award,2024
nm0000375,Windie,2024
nm0000375,Actor,2024
nm0000375,Actor,2024
nm0000375,BAFTA Film Award,2024
nm0000375,Oscar,2024
nm0000375,OFCS Award,2024
nm0000375,Gold Derby Film Award,2024
nm0000375,Gold Derby Film Award,2024
nm0000375,IFC Award,2024
nm0000375,VFCC Award,2024
nm0000375,KCFCC Award,2024
nm0000375,MNFCA Award,2024
nm0000375,OFTA Film Award,2024
nm0000375,OFTA Film Hall of Fame,2024
nm0000375,Golden Schmoes,2024
nm0000375,Daytime Emmy,2024
nm0089217,PFCS Award,2002
nm0089217,PFCS Award,2003
nm0089217,Critics Choice Award,2004
nm0089217,OFCS Award,2003
nm0089217,NBR Award,2003
nm0089217,EFA People's Choice Award,2005
nm0089217,Actor,2004
nm0089217,Hollywood Breakthrough Award,2003
nm0089217,Empire Award,2002
nm0089217,Teen Choice Award,2004
nm0089217,Teen Choice Award,2004
nm0089217,Teen Choice Award,2004
nm0089217,Teen Choice Award,2006
nm0089217,Teen Choice Award,2007
nm0089217,Teen Choice Award,2007
nm0089217,MTV Movie Award,2004
nm0089217,MTV Movie Award,2002
nm0089217,Bambi,2010
nm0089217,MTV Movie Award,2014
nm0089217,Star on the Walk of Fame,2014
nm0089217,ACCA,2003
nm0089217,ACCA,2001
nm0089217,Humanitarian Award,2015
nm0089217,Gold Derby Film Award,2004
nm0089217,Bravo Otto Germany,2002
nm0089217,Bravo Otto Germany,2003
nm0089217,Yoga Award,2006
nm0089217,Huading Award,2014
nm0089217,Humanitarian Award,2022
nm0005212,PFCS Award,2002
nm0005212,PFCS Award,2003
nm0005212,CFCA Award,1999
nm0005212,SDFCS Award,1998
nm0005212,LAFCA Award,1998
nm0005212,KCFCC Award,1998
nm0005212,Critics Choice Award,1999
nm0005212,Critics Choice Award,2004
nm0005212,OFCS Award,1999
nm0005212,OFCS Award,2003
nm0005212,FFCC Award,1999
nm0005212,TFCA Award,1998
nm0005212,NBR Award,1998
nm0005212,NBR Award,2003
nm0005212,Honorary Golden Berlin Bear,2006
nm0005212,Donostia Lifetime Achievement Award,2009
nm0005212,Silver Seashell,1998
nm0005212,Golden Globe,1997
nm0005212,European Film Award,1996
nm0005212,Actor,2002
nm0005212,Actor,2004
nm0005212,Saturn Award,1999
nm0005212,Saturn Award,2002
nm0005212,Stephen F. Kolzak Award,1993
nm0005212,Annie,2007
nm0005212,Independent Spirit Award,1999
nm0005212,Chlotrudis Award,1999
nm0005212,Maverick Tribute Award,2002
nm0005212,Outfest Achievement Award,1998
nm0005212,Evening Standard British Film Award,1997
nm0005212,CableACE,1995
nm0005212,British Independent Film Award,1999
nm0005212,Variety Award,2003
nm0005212,RTS Television Award,1983
nm0005212,Timeless Award,2013
nm0005212,OFTA Film Award,1999
nm0005212,OFTA Film Award,1999
nm0005212,OFTA Film Award,1999
nm0005212,Critics Award,2000
nm0005212,Audience Award,2000
nm0005212,OFTA Television Award,2009
nm0005212,ACCA,2003
nm0005212,ACCA,2001
nm0005212,ACCA,2001
nm0005212,Golden Schmoes,2001
nm0005212,Gold Derby Film Award,2004
nm0005212,Gold Derby TV Award,2007
nm0005212,ALFS Award,1997
nm0005212,Lifetime Achievement Award,2010
nm0005212,CinEuphoria,2015
nm0005212,British LGBT Award,2016
nm0005212,CinEuphoria,2020
nm0005212,Clarence Derwent Award,1966
nm0000104,Premio ACE,1991
nm0000104,Label Europa Cinemas,2007
nm0000104,Donostia Lifetime Achievement Award,2008
nm0000104,Outstanding European Achievement in World Cinema,1999
nm0000104,EFA People's Choice Award,1998
nm0000104,Imagen Award,2006
nm0000104,Francisco Rabal Award,1986
nm0000104,Taormina Arte Award,2004
nm0000104,ALMA Award,1999
nm0000104,ALMA Award,2000
nm0000104,ALMA Award,2000
nm0000104,Anthony Quinn Award for Achievement in Motion Pictures,2002
nm0000104,Vanguard Award,2004
nm0000104,Golden India Catalina,1991
nm0000104,Golden Apple,1995
nm0000104,Star on the Walk of Fame,2005
nm0000104,Lasting Image Award,1999
nm0000104,Imagen Award,2004
nm0000104,Imagen Award,2004
nm0000104,Sant Jordi,1988
nm0000104,Best Actor,1989
nm0000104,Fotogramas de Plata,1986
nm0000104,Fotogramas de Plata,1989
nm0000104,Fotogramas de Plata,1991
nm0000104,Vision Award,2004
nm0000104,Festival President's Award,2009
nm0000104,ALMA Award,2011
nm0000104,Chainsaw Award,2012
nm0000104,Audience Award,2012
nm0000104,Honorary Grand Prize,2014
nm0000104,Honorary Goya,2015
nm0000104,BTVA People's Choice Voice Acting Award,2012
nm0000104,Honorary Award,2015
nm0000104,Imagen Award,2016
nm0000104,Málaga Lifetime Achievement Award,2017
nm0000104,Festival Award,2017
nm0000104,Ischia Actor Award,2017
nm0000104,Yoga Award,1996
nm0000104,Antoñita Colomé Award,1999
nm0000104,Best Actor,2019
nm0000104,CineMerit Award,2019
nm0000104,Hollywood Film Award,2019
nm0000104,European Film Award,2019
nm0000104,José María Forqué Award,2020
nm0000104,Feroz Award,2020
nm0000104,Goya,2020
nm0000104,International Star Award,2020
nm0000104,NYFCC Award,2019
nm0000104,LAFCA Award,2019
nm0000104,ASECAN Award,2020
nm0000104,CEC Award,2020
nm0000104,Dorian Award,2020
nm0000104,NSFC Award,2020
nm0000104,Sant Jordi,2020
nm0000104,Fotogramas de Plata,2020
nm0000104,Días de Cine Award,2020
nm0000104,INOCA,2020
nm0000104,Chainsaw Award,1994
nm0000104,ICS Award,2020
nm0000104,Platino Award,2020
nm0000104,SFBAFCC Award,2019
nm0000104,ICS Cannes Award,2019
nm0000104,Honorary Golden Biznaga,2017
nm0000104,Honorary Carmen Award,2022
nm0000104,Career Award,2022
nm0000104,Golden Medal,2023
nm0000104,Imagen Award,2023
nm0000104,Honorable Mention,2024
nm0000104,Filming Italy International Achievement Award,2021
nm0000104,BOFA,2020
nm0001602,SDFCS Award,2001
nm0001602,Sierra Award,2002
nm0001602,Feature Film Award,2001
nm0001602,Actor,2011
nm0001602,Primetime Emmy,2011
nm0001602,Gotham Independent Film Award,2009
nm0001602,Golden Schmoes,2001
nm0001602,Golden Schmoes,2001
nm0001602,Gold Derby TV Award,2011
nm0001602,Jury Award,2011
nm0001602,Silver Logie,2022
nm0001602,Satellite Award,2024
nm0001602,Cinema Vanguard Award,2025
nm0001602,MMCG Award,2024
nm0001602,BOFCA Award,2024
nm0000168,KCFCC Award,1991
nm0000168,NYFCC Award,1991
nm0000168,Best Supporting Actor,1991
nm0000168,Silver Berlin Bear,1998
nm0000168,BAFTA Film Award,1995
nm0000168,BET Comedy Award,2005
nm0000168,Career Achievement Award,2005
nm0000168,Image Award,2006
nm0000168,Image Award,1997
nm0000168,Independent Spirit Award,1995
nm0000168,Independent Spirit Award,1998
nm0000168,Black Film Award,1998
nm0000168,Career Achievement Award,1999
nm0000168,Man of the Year,1999
nm0000168,Star on the Walk of Fame,2000
nm0000168,Blockbuster Entertainment Award,1997
nm0000168,Image Award,2011
nm0000168,Capri Legend Award,2008
nm0000168,Special Award,1997
nm0000168,STFC Award,1994
nm0000168,Bambi,2006
nm0000168,Achievement in Acting,2005
nm0000168,Image Award,2013
nm0000168,Black Reel,2013
nm0000168,MTV Movie Award,2013
nm0000168,Black Reel,2014
nm0000168,Stinker Award,2005
nm0000168,Guinness World Record,2015
nm0000168,Capri Actor Award,2015
nm0000168,VGA,2004
nm0000168,BET Award,2016
nm0000168,ACCA,1994
nm0000168,ACCA,1994
nm0000168,Hollywood Film Award,2015
nm0000168,Britannia Award,2016
nm0000168,CinemaCon Award,2018
nm0000168,Image Award,2019
nm0000168,Felix,2015
nm0000168,Legend of Cinema Award,2020
nm0000168,CinEuphoria,2017
nm0000168,National Film Award,2016
nm0000168,National Film Award,2016
nm0000168,The BAM Award,2019
nm0000168,Canadian Screen Award,2021
nm0000168,Honorary Award,2022
nm0000168,Black Reel,2022
nm0000168,OFTA TV Hall of Fame,2022
nm0000168,OFTA Film Hall of Fame,2023
nm0000168,Tribute Award,2024
nm0000113,Razzie Award,2010
nm0000113,Razzie Award,2010
nm0000113,Critics Choice Award,2010
nm0000113,Lone Star Film & Television Award,1999
nm0000113,Oscar,2010
nm0000113,Golden Globe,2010
nm0000113,ShoWest Award,2001
nm0000113,ShoWest Award,1996
nm0000113,Actor,2010
nm0000113,Joseph Plateau Award of Honour,1999
nm0000113,MTV Generation Award,2010
nm0000113,Saturn Award,1995
nm0000113,MTV Movie Award,1995
nm0000113,MTV Movie Award,1995
nm0000113,MTV Movie Award,1995
nm0000113,People's Choice Award,2006
nm0000113,People's Choice Award,1996
nm0000113,Golden Apple,1995
nm0000113,Virginia Film Award,2004
nm0000113,American Comedy Award,2001
nm0000113,Teen Choice Award,1999
nm0000113,Teen Choice Award,2001
nm0000113,Teen Choice Award,2005
nm0000113,Teen Choice Award,2006
nm0000113,Woman of the Year,2004
nm0000113,Career Exellence Award,1998
nm0000113,People's Choice Award,1997
nm0000113,Star on the Walk of Fame,2005
nm0000113,People's Choice Award,1999
nm0000113,Crystal Award,2005
nm0000113,Blockbuster Entertainment Award,1997
nm0000113,People's Choice Award,2010
nm0000113,Blockbuster Entertainment Award,2001
nm0000113,Teen Choice Award,2010
nm0000113,Teen Choice Award,2010
nm0000113,Rembrandt Award,2010
nm0000113,Teen Choice Award,2010
nm0000113,Bambi,2000
nm0000113,Hollywood Film Award,2006
nm0000113,Hollywood Film Award,2013
nm0000113,Teen Choice Award,2013
nm0000113,Teen Choice Award,2013
nm0000113,People's Choice Award,2014
nm0000113,People's Choice Award,2014
nm0000113,People's Choice Award,2014
nm0000113,People's Choice Award,2014
nm0000113,Desert Palm Achievement Award,2014
nm0000113,Critics Choice Award,2014
nm0000113,KCFCC Award,2013
nm0000113,Blockbuster Entertainment Award,1995
nm0000113,President's Award,2007
nm0000113,Saturn Award,2014
nm0000113,HFCS Award,2013
nm0000113,AAFCA Award,2013
nm0000113,NTFCA Award,2014
nm0000113,EDA Female Focus Award,2011
nm0000113,EDA Female Focus Award,2013
nm0000113,Jupiter Award,2014
nm0000113,Jupiter Award,1995
nm0000113,Jupiter Award,1996
nm0000113,Jupiter Award,1997
nm0000113,EDA Female Focus Award,2013
nm0000113,WIN Award,2009
nm0000113,Golden Schmoes,2013
nm0000113,Invisible Woman Award,2013
nm0000113,ACCA,2005
nm0000113,People's Choice Award,2016
nm0000113,Bravo Otto Germany,1995
nm0000113,Bravo Otto Germany,1996
nm0000113,American Riviera Award,2010
nm0000113,Yoga Award,1996
nm0000113,Yoga Award,2004
nm0000113,Actor,2006
nm0000113,Critics Choice Award,2006
nm0000113,Gold Derby Film Award,2006
nm0000113,Hollywood Film Award,2005
nm0000113,MTV Movie + TV Award,2019
nm0000113,WFCC Award,2021
nm0000113,Courage in Acting Award,2021
nm0000113,CinEuphoria,2022
nm0000113,Joseph Plateau Honorary Award,1999
nm0000212,ShoWest Award,1999
nm0000212,Golden Apple,1989
nm0000212,American Comedy Award,1990
nm0000212,American Comedy Award,1994
nm0000212,Woman of the Year,1994
nm0000212,Crystal Award,1995
nm0000212,Blockbuster Entertainment Award,1999
nm0000212,François Truffaut Award,2008
nm0000212,Bambi,2008
nm0000212,Icon Award,1999
nm0000212,Lifetime Achievement Award,2015
nm0000212,Leopard Club Award,2018
nm0000212,Honorary Award,2024
nm0000212,Honorary Heart of Sarajevo,2024
nm1083271,Teen Choice Award,2009
nm1083271,Teen Choice Award,2010
nm1083271,Teen Choice Award,2009
nm1083271,Scream Award,2009
nm1083271,Razzie Award,2015
nm1083271,Golden Schmoes,2007
nm1083271,Yoga Award,2010
nm1083271,Scream Award,2007
nm1083271,Razzie Award,2024
nm1083271,Razzie Award,2024
nm0000173,Razzie Award,2006
nm0000173,SEFCA Award,1996
nm0000173,ALFS Award,1996
nm0000173,ALFS Award,2002
nm0000173,Golden Aries,2003
nm0000173,Sierra Award,2002
nm0000173,BSFC Award,1995
nm0000173,KCFCC Award,2001
nm0000173,Critics Choice Award,1996
nm0000173,Oscar,2003
nm0000173,Silver Berlin Bear,2003
nm0000173,Golden Globe,2003
nm0000173,Golden Globe,2002
nm0000173,Golden Globe,1996
nm0000173,Special Award,2002
nm0000173,ShoWest Award,1992
nm0000173,BAFTA Film Award,2003
nm0000173,AFI Award,1987
nm0000173,Logie,1988
nm0000173,Silver Logie,1990
nm0000173,Logie,1990
nm0000173,Golden Satellite Award,2002
nm0000173,Chairman's Award,2005
nm0000173,Special Achievement Award,2009
nm0000173,Blockbuster Entertainment Award,2000
nm0000173,Saturn Award,2002
nm0000173,Empire Award,1996
nm0000173,Empire Award,2002
nm0000173,Golden Space Needle Award,1995
nm0000173,MTV Movie Award,2002
nm0000173,MTV Movie Award,2002
nm0000173,Cinema Vanguard Award,2011
nm0000173,Blockbuster Entertainment Award,1996
nm0000173,Actress of the Year,2001
nm0000173,Truly Moving Sound Award,2010
nm0000173,Cinema for Peace Honorary Award,2013
nm0000173,Gala Tribute Award,2012
nm0000173,CinEuphoria,2014
nm0000173,Outstanding Contribution to World Cinema,2014
nm0000173,Icon Award,2008
nm0000173,Chainsaw Award,2002
nm0000173,OFTA Film Award,2002
nm0000173,Critics Award,2005
nm0000173,Audience Award,2005
nm0000173,Jupiter Award,2004
nm0000173,WIN Award,2012
nm0000173,Fright Meter Award,2001
nm0000173,IOMA,2003
nm0000173,Icon Award,2002
nm0000173,Huading Award,2013
nm0000173,AFCA Award,2014
nm0000173,WFCC Award,2006
nm0000173,ACCA,2001
nm0000173,Golden Schmoes,2001
nm0000173,Golden Schmoes,2001
nm0000173,Davis Award,2001
nm0000173,Woman of the Year,2004
nm0000173,ACCA,2002
nm0000173,Crystal Award,2015
nm0000173,Halfway Award,2013
nm0000173,Harper's Bazaar Award,2015
nm0000173,Gold Derby Film Award,2003
nm0000173,Jury Prize,2012
nm0000173,Yoga Award,2008
nm0000173,CinEuphoria,2016
nm0000173,Mill Valley Film Festival Award,2016
nm0000173,Hollywood Film Award,2016
nm0000173,International Star Award,2017
nm0000173,AACTA International Award,2017
nm0000173,Capri Supporting Actress Award,2016
nm0000173,Golden Camera,2017
nm0000173,CinEuphoria,2017
nm0000173,70th Anniversary Prize,2017
nm0000173,Primetime Emmy,2017
nm0000173,Gold Derby TV Award,2017
nm0000173,Primetime Emmy,2017
nm0000173,Tribute Award,2017
nm0000173,Golden Globe,2018
nm0000173,AACTA Award,2017
nm0000173,Outstanding Work in Cinema Award,2017
nm0000173,Satellite Award,2018
nm0000173,Critics Choice Award,2018
nm0124930,MTV Movie Award,2007
nm0124930,Action Movie Star of the Year,2007
nm0124930,Yoga Award,2011
nm0124930,Golden Camera,2016
nm0124930,Voice Arts Award,2019
nm0124930,Capri Breakout Actor Award,2004
nm0048932,Logie,1993
nm0048932,Family Television Award,2002
nm0048932,Robert Altman Award,2012
nm0048932,Star on the Walk of Fame,2013
nm0048932,Trailblazer Award,2017
nm0048932,ADG Award,2018
nm0048932,AACTA Award,2018
nm0048932,FCCA Award,2019
nm0048932,FCCA Award,2019
nm0048932,FCCA Award,2024
nm0000139,CFCA Award,2002
nm0000139,BSFC Award,2001
nm0000139,NYFCC Award,1998
nm0000139,ShoWest Award,1996
nm0000139,Blockbuster Entertainment Award,2000
nm0000139,ALMA Award,1998
nm0000139,ALMA Award,2000
nm0000139,MTV Movie Award,1999
nm0000139,Blockbuster Entertainment Award,1998
nm0000139,Wannabe Award,2008
nm0000139,American Comedy Award,1999
nm0000139,Teen Choice Award,1999
nm0000139,People's Choice Award,2007
nm0000139,Imagen Award,2004
nm0000139,MTV Movie Award,2001
nm0000139,MTV Movie Award,2001
nm0000139,Blockbuster Entertainment Award,1999
nm0000139,Blockbuster Entertainment Award,2001
nm0000139,Teen Choice Award,2011
nm0000139,Star on the Walk of Fame,2009
nm0000139,CinemaCon Award,2011
nm0000139,EDA Special Mention Award,2013
nm0000139,OFTA Film Award,1998
nm0000139,Jupiter Award,2012
nm0000139,Icon Award,2001
nm0000139,EDA Special Mention Award,2015
nm0000139,Razzie Award,2015
nm0000139,Stinker Award,2002
nm0000139,Blimp Award,2001
nm0001337,ShoWest Award,2010
nm0001337,Primetime Emmy,2007
nm0001337,Camie,2003
nm0001337,Camie,2005
nm0001337,People's Choice Award,2008
nm0001337,People's Choice Award,2010
nm0001337,Satellite Award,2006
nm0001337,Actor,2007
nm0001337,EDA Special Mention Award,2013
nm0001337,Gold Derby TV Award,2009