Tconst,Const,Name,Year,Rating,Genre
tt0408236,nm0000136,Sweeney Todd: The Demon Barber of Fleet Street,2007,7.3,"Drama, Horror, Musical, Thriller"
tt0325980,nm0000136,Pirates of the Caribbean: The Curse of the Black Pearl,2003,8.1,"Action, Adventure, Fantasy"
tt0449088,nm0000136,Pirates of the Caribbean: At World's End,2007,7.1,"Action, Adventure, Fantasy"
tt0383574,nm0000136,Pirates of the Caribbean: Dead Man's Chest,2006,7.4,"Action, Adventure, Fantasy"
tt0367594,nm0000136,Charlie and the Chocolate Factory,2005,6.7,"Adventure, Comedy, Family, Fantasy, Musical"
tt3045616,nm0000136,Mortdecai,2015,5.5,"Action, Adventure, Comedy, Crime, Mystery"
tt1210819,nm0000136,The Lone Ranger,2013,6.4,"Action, Adventure, Drama, Western"
tt0109707,nm0000136,Ed Wood,1994,7.8,"Biography, Comedy, Drama"
tt0162661,nm0000136,Sleepy Hollow,1999,7.3,"Fantasy, Horror, Mystery"
tt1077368,nm0000136,Dark Shadows,2012,6.2,"Comedy, Fantasy, Horror"
tt1355683,nm0000136,Black Mass,2015,6.8,"Biography, Crime, Drama"
tt1298650,nm0000136,Pirates of the Caribbean: On Stranger Tides,2011,6.6,"Action, Adventure, Fantasy"
tt11847842,nm0000136,The Tourist,2010,6,"Action, Drama, Mystery, Thriller"
tt0308644,nm0000136,Finding Neverland,2004,7.7,"Biography, Drama, Family"
tt0112883,nm0000136,Don Juan DeMarco,1994,6.7,"Comedy, Drama, Romance"
tt0106387,nm0000136,Benny & Joon,1993,7.1,"Comedy, Drama, Romance"
tt1192628,nm0000136,Rango,2011,7.3,"Animation, Action, Adventure, Comedy, Family, Western"
tt0099487,nm0000136,Edward Scissorhands,1990,7.9,"Drama, Fantasy, Romance"
tt0285823,nm0000136,Once Upon a Time in Mexico,2003,6.3,"Action, Crime, Thriller"
tt0120669,nm0000136,Fear and Loathing in Las Vegas,1998,7.5,"Adventure, Comedy, Drama"
tt0070666,nm0000199,Serpico,1973,7.7,"Biography, Crime, Drama, Thriller"
tt0072890,nm0000199,Dog Day Afternoon,1975,8,"Biography, Crime, Drama, Thriller"
tt0068646,nm0000199,The Godfather,1972,9.2,"Crime, Drama"
tt0099422,nm0000199,Dick Tracy,1990,6.2,"Action, Comedy, Crime, Music, Romance, Thriller"
tt0078718,nm0000199,And Justice for All,1979,7.4,"Crime, Drama, Thriller"
tt0104348,nm0000199,Glengarry Glen Ross,1992,7.7,"Crime, Drama, Mystery"
tt0105323,nm0000199,Scent of a Woman,1992,8,Drama
tt0118971,nm0000199,The Devil's Advocate,1997,7.5,"Drama, Fantasy, Mystery, Thriller"
tt1302006,nm0000199,The Irishman,2019,7.8,"Biography, Crime, Drama"
tt0119008,nm0000199,Donnie Brasco,1997,7.7,"Biography, Crime, Drama"
tt0071562,nm0000199,The Godfather Part II,1974,9,"Crime, Drama"
tt0106519,nm0000199,Carlito's Way,1993,7.9,"Crime, Drama, Thriller"
tt0278504,nm0000199,Insomnia,2002,7.2,"Drama, Mystery, Thriller"
tt0810913,nm0000199,Jack and Jill,2011,3.3,Comedy
tt0099674,nm0000199,The Godfather Part III,1990,7.6,"Crime, Drama"
tt0140352,nm0000199,The Insider,1999,7.8,"Biography, Drama, History, Thriller"
tt0417217,nm0000199,Two for the Money,2005,6.2,"Crime, Drama, Sport"
tt0146838,nm0000199,Any Given Sunday,1999,6.9,"Drama, Sport"
tt0086250,nm0000199,Scarface,1983,8.3,"Crime, Drama"
tt1772288,nm0000199,Danny Collins,2015,7,"Comedy, Drama, Music"
tt0101540,nm0000134,Cape Fear,1991,7.3,"Crime, Thriller"
tt0081398,nm0000134,Raging Bull,1980,8.1,"Biography, Drama, Sport"
tt0075314,nm0000134,Taxi Driver,1976,8.2,"Crime, Drama"
tt0077416,nm0000134,The Deer Hunter,1978,8.1,"Drama, War"
tt0070379,nm0000134,Mean Streets,1973,7.2,"Crime, Drama, Thriller"
tt1302006,nm0000134,The Irishman,2019,7.8,"Biography, Crime, Drama"
tt0212338,nm0000134,Meet the Parents,2000,7,"Comedy, Romance"
tt0343737,nm0000134,The Good Shepherd,2006,6.7,"Drama, History, Thriller"
tt1045658,nm0000134,Silver Linings Playbook,2012,7.7,"Comedy, Drama, Romance"
tt0099685,nm0000134,Goodfellas,1990,8.7,"Biography, Crime, Drama"
tt0095631,nm0000134,Midnight Run,1988,7.5,"Action, Comedy, Crime, Thriller"
tt0106489,nm0000134,A Bronx Tale,1993,7.8,"Crime, Drama"
tt0122933,nm0000134,Analyze This,1999,6.7,"Comedy, Crime"
tt0122690,nm0000134,Ronin,1998,7.2,"Action, Crime, Thriller"
tt0099077,nm0000134,Awakenings,1990,7.8,"Biography, Drama"
tt10676052,nm0000134,The Fan,1996,5.9,"Action, Adventure, Sci-Fi"
tt0120885,nm0000134,Wag the Dog,1997,7.1,"Comedy, Drama"
tt0071562,nm0000134,The Godfather Part II,1974,9,"Crime, Drama"
tt0112641,nm0000134,Casino,1995,8.2,"Crime, Drama"
tt0780511,nm0000134,Everybody's Fine,2009,7.1,"Adventure, Drama"
tt0119488,nm0000228,L.A. Confidential,1997,8.2,"Crime, Drama, Mystery, Thriller"
tt0114814,nm0000228,The Usual Suspects,1995,8.5,"Crime, Drama, Mystery, Thriller"
tt0169547,nm0000228,American Beauty,1999,8.3,Drama
tt0114369,nm0000228,Se7en,1995,8.6,"Crime, Drama, Mystery, Thriller"
tt0478087,nm0000228,21,2008,6.8,"Crime, Drama, Thriller"
tt27791972,nm0000228,Outbreak,1995,6.6,"Horror, Mystery, Thriller"
tt0363473,nm0000228,Beyond the Sea,2004,6.7,"Biography, Drama, Music, Musical"
tt11343686,nm0000228,Swimming with Sharks,1994,7,"Drama, Thriller"
tt0104348,nm0000228,Glengarry Glen Ross,1992,7.7,"Crime, Drama, Mystery"
tt1856010,nm0000228,House of Cards,2013,8.6,Drama
tt0272152,nm0000228,K-PAX,2001,7.4,"Drama, Mystery, Sci-Fi"
tt1615147,nm0000228,Margin Call,2011,7.1,"Drama, Thriller"
tt0119668,nm0000228,Midnight in the Garden of Good and Evil,1997,6.6,"Crime, Drama, Mystery, Thriller"
tt0223897,nm0000228,Pay It Forward,2000,7.2,Drama
tt0120824,nm0000228,The Shipping News,2001,6.7,Drama
tt0120768,nm0000228,The Negotiator,1998,7.3,"Action, Crime, Drama, Mystery, Thriller"
tt0110955,nm0000228,The Ref,1994,6.9,"Comedy, Crime, Drama"
tt0120623,nm0000228,A Bug's Life,1998,7.2,"Animation, Adventure, Comedy, Family"
tt0289992,nm0000228,The Life of David Gale,2003,7.5,"Crime, Drama, Mystery, Thriller"
tt0117913,nm0000228,A Time to Kill,1996,7.5,"Crime, Drama, Thriller"
tt2671706,nm0000243,Fences,2016,7.2,Drama
tt1037705,nm0000243,The Book of Eli,2010,6.8,"Action, Adventure, Drama, Thriller"
tt0139654,nm0000243,Training Day,2001,7.8,"Crime, Drama, Thriller"
tt0168786,nm0000243,Antwone Fisher,2002,7.3,"Biography, Drama"
tt0115956,nm0000243,Courage Under Fire,1996,6.6,"Action, Drama, Mystery, Thriller, War"
tt0104797,nm0000243,Malcolm X,1992,7.7,"Biography, Drama, History"
tt0174856,nm0000243,The Hurricane,1999,7.6,"Biography, Drama, Sport"
tt1907668,nm0000243,Flight,2012,7.3,"Drama, Thriller"
tt0427309,nm0000243,The Great Debaters,2007,7.5,"Biography, Drama, Romance"
tt6000478,nm0000243,"Roman J. Israel, Esq.",2017,6.5,"Crime, Drama, Thriller"
tt0765429,nm0000243,American Gangster,2007,7.8,"Biography, Crime, Drama"
tt0112740,nm0000243,Crimson Tide,1995,7.4,"Action, Drama, Thriller, War"
tt0210945,nm0000243,Remember the Titans,2000,7.8,"Biography, Comedy, Drama, Sport"
tt0097441,nm0000243,Glory,1989,7.8,"Biography, Drama, History, War"
tt11242246,nm0000243,The Equalizer,2014,7.2,"Action, Crime, Drama, Mystery, Thriller"
tt3766354,nm0000243,The Equalizer 2,2018,6.7,"Action, Crime, Thriller"
tt2404435,nm0000243,The Magnificent Seven,2016,6.9,"Action, Adventure, Drama, Western"
tt0313443,nm0000243,Out of Time,2003,6.5,"Crime, Drama, Mystery, Thriller"
tt0251160,nm0000243,John Q,2002,7.1,"Crime, Drama, Thriller"
tt1599348,nm0000243,Safe House,2012,6.7,"Action, Thriller"
tt1707386,nm0000128,Les Misérables,2012,7.5,"Drama, Musical, Romance"
tt9218128,nm0000128,Gladiator,2000,8.5,"Action, Adventure, Drama"
tt0268978,nm0000128,A Beautiful Mind,2001,8.2,"Biography, Drama, Mystery"
tt0119488,nm0000128,L.A. Confidential,1997,8.2,"Crime, Drama, Mystery, Thriller"
tt0352248,nm0000128,Cinderella Man,2005,8,"Biography, Drama, Romance, Sport"
tt3007512,nm0000128,The Water Diviner,2014,7,"Drama, History, War"
tt0955308,nm0000128,Robin Hood,2010,6.6,"Action, Adventure, Drama, History"
tt0140352,nm0000128,The Insider,1999,7.8,"Biography, Drama, History, Thriller"
tt1959490,nm0000128,Noah,2014,5.8,"Action, Adventure, Drama"
tt0381849,nm0000128,3:10 to Yuma,2007,7.6,"Action, Crime, Drama, Western"
tt0311113,nm0000128,Master and Commander: The Far Side of the World,2003,7.5,"Action, Adventure, Drama, War"
tt0473705,nm0000128,State of Play,2009,7.1,"Crime, Drama, Mystery, Thriller"
tt3799694,nm0000128,The Nice Guys,2016,7.4,"Action, Comedy, Crime, Thriller"
tt0105275,nm0000128,Romper Stomper,1992,6.8,"Crime, Drama, Thriller"
tt0120616,nm0000128,The Mummy,2017,5.4,"Action, Adventure, Fantasy"
tt1458175,nm0000128,The Next Three Days,2010,7.3,"Action, Crime, Drama, Romance, Thriller"
tt0765429,nm0000128,American Gangster,2007,7.8,"Biography, Crime, Drama"
tt0770828,nm0000128,Man of Steel,2013,7.1,"Action, Adventure, Sci-Fi"
tt0228750,nm0000128,Proof of Life,2000,6.3,"Action, Drama, Thriller"
tt0758774,nm0000128,Body of Lies,2008,7,"Action, Drama, Thriller"
tt0137523,nm0000093,Fight Club,1999,8.8,Drama
tt14044212,nm0000093,Mr. & Mrs. Smith,2005,6.5,"Action, Comedy, Crime, Thriller"
tt1210166,nm0000093,Moneyball,2011,7.6,"Biography, Drama, Sport"
tt0114746,nm0000093,12 Monkeys,1995,8,"Mystery, Sci-Fi, Thriller"
tt2935510,nm0000093,Ad Astra,2019,6.5,"Adventure, Drama, Mystery, Sci-Fi, Thriller"
tt0421715,nm0000093,The Curious Case of Benjamin Button,2008,7.8,"Drama, Fantasy, Romance"
tt0332452,nm0000093,Troy,2004,7.3,"Adventure, Drama"
tt0361748,nm0000093,Inglourious Basterds,2009,8.4,"Adventure, Drama, War"
tt0478304,nm0000093,The Tree of Life,2011,6.8,"Drama, Fantasy"
tt0816711,nm0000093,World War Z,2013,7,"Action, Adventure, Horror, Sci-Fi"
tt2024544,nm0000093,12 Years a Slave,2013,8.1,"Biography, Drama, History"
tt3960394,nm0000093,Interview with the Vampire,1994,7.5,"Drama, Fantasy, Horror, Romance"
tt0449467,nm0000093,Babel,2006,7.5,Drama
tt0114369,nm0000093,Se7en,1995,8.6,"Crime, Drama, Mystery, Thriller"
tt1596363,nm0000093,The Big Short,2015,7.8,"Biography, Comedy, Drama, History"
tt0119643,nm0000093,Meet Joe Black,1998,7.2,"Drama, Fantasy, Romance"
tt0443680,nm0000093,The Assassination of Jesse James by the Coward Robert Ford,2007,7.5,"Biography, Crime, Drama, History, Western"
tt3640424,nm0000093,Allied,2016,7.1,"Action, Drama, Romance, Thriller, War"
tt2713180,nm0000093,Fury,2014,7.6,"Action, Drama, War"
tt7131622,nm0000093,Once Upon a Time... in Hollywood,2019,7.6,"Comedy, Drama"
tt1587310,nm0001401,Maleficent,2014,6.9,"Action, Adventure, Drama, Family, Fantasy, Romance"
tt0172493,nm0001401,"Girl, Interrupted",1999,7.3,"Biography, Drama"
tt0824747,nm0001401,Changeling,2008,7.7,"Biography, Crime, Drama, History, Mystery, Thriller"
tt0146316,nm0001401,Lara Croft: Tomb Raider,2001,5.8,"Action, Adventure, Fantasy, Thriller"
tt0944835,nm0001401,Salt,2010,6.5,"Action, Thriller"
tt0145681,nm0001401,The Bone Collector,1999,6.7,"Crime, Drama, Mystery, Thriller"
tt0346491,nm0001401,Alexander,2004,5.6,"Action, Biography, Drama, History, War"
tt0071571,nm0001401,Gone in 60 Seconds,2000,6.5,"Action, Crime, Drama, Thriller"
tt0346156,nm0001401,Sky Captain and the World of Tomorrow,2004,6.1,"Action, Adventure, Mystery, Sci-Fi, Thriller"
tt11847842,nm0001401,The Tourist,2010,6,"Action, Drama, Mystery, Thriller"
tt0493464,nm0001401,Wanted,2008,6.7,"Action, Crime, Thriller"
tt1302011,nm0001401,Kung Fu Panda 2,2011,7.3,"Animation, Action, Adventure, Comedy, Drama, Family, Fantasy"
tt0343737,nm0001401,The Good Shepherd,2006,6.7,"Drama, History, Thriller"
tt32252772,nm0001401,Original Sin,2001,6,"Crime, Drama, Mystery"
tt0364045,nm0001401,Taking Lives,2004,6.2,"Crime, Mystery, Thriller"
tt0325703,nm0001401,Lara Croft: Tomb Raider - The Cradle of Life,2003,5.5,"Action, Adventure, Fantasy"
tt4777008,nm0001401,Maleficent: Mistress of Evil,2019,6.6,"Adventure, Drama, Family, Fantasy, Romance"
tt4034228,nm0001401,By the Sea,2015,5.3,Drama
tt0829459,nm0001401,A Mighty Heart,2007,6.6,"Biography, Drama, History, Thriller, War"
tt0123865,nm0001401,Gia,1998,6.9,"Biography, Drama, Romance"
tt1375666,nm0000138,Inception,2010,8.8,"Action, Adventure, Sci-Fi, Thriller"
tt0120338,nm0000138,Titanic,1997,7.9,"Drama, Romance"
tt0993846,nm0000138,The Wolf of Wall Street,2013,8.2,"Biography, Comedy, Crime, Drama"
tt0407887,nm0000138,The Departed,2006,8.5,"Crime, Drama, Thriller"
tt1663202,nm0000138,The Revenant,2015,8,"Action, Adventure, Drama, Western"
tt1130884,nm0000138,Shutter Island,2010,8.2,"Drama, Mystery, Thriller"
tt0338751,nm0000138,The Aviator,2004,7.5,"Biography, Drama"
tt0117509,nm0000138,Romeo + Juliet,1996,6.7,"Drama, Romance"
tt0108550,nm0000138,What's Eating Gilbert Grape,1993,7.7,Drama
tt1343092,nm0000138,The Great Gatsby,2013,7.2,"Drama, Romance"
tt1853728,nm0000138,Django Unchained,2012,8.5,"Comedy, Drama, Western"
tt0959337,nm0000138,Revolutionary Road,2008,7.3,"Drama, Romance"
tt0450259,nm0000138,Blood Diamond,2006,8,"Adventure, Drama, Thriller"
tt0120744,nm0000138,The Man in the Iron Mask,1998,6.5,"Action, Adventure, Drama"
tt0163978,nm0000138,The Beach,2000,6.6,"Adventure, Drama, Romance, Thriller"
tt0112461,nm0000138,The Basketball Diaries,1995,7.3,"Biography, Crime, Drama, Sport"
tt0264464,nm0000138,Catch Me If You Can,2002,8.1,"Biography, Crime, Drama"
tt5537002,nm0000138,Killers of the Flower Moon,2023,7.6,"Crime, Drama, History, Mystery, Romance, Western"
tt0108330,nm0000138,This Boy's Life,1993,7.3,"Biography, Drama"
tt1616195,nm0000138,J. Edgar,2011,6.5,"Biography, Drama, Romance"
tt0092099,nm0000129,Top Gun,1986,6.9,"Action, Drama"
tt0325710,nm0000129,The Last Samurai,2003,7.8,"Action, Drama"
tt0181689,nm0000129,Minority Report,2002,7.6,"Action, Crime, Mystery, Sci-Fi, Thriller"
tt0116695,nm0000129,Jerry Maguire,1996,7.3,"Comedy, Drama, Romance, Sport"
tt0117060,nm0000129,Mission: Impossible,1996,7.2,"Action, Adventure, Thriller"
tt0120755,nm0000129,Mission: Impossible II,2000,6.1,"Action, Adventure, Thriller"
tt0259711,nm0000129,Vanilla Sky,2001,6.9,"Fantasy, Mystery, Romance, Sci-Fi, Thriller"
tt4912910,nm0000129,Mission: Impossible - Fallout,2018,7.7,"Action, Adventure, Thriller"
tt1229238,nm0000129,Mission: Impossible - Ghost Protocol,2011,7.4,"Action, Adventure, Thriller"
tt0175880,nm0000129,Magnolia,1999,8,Drama
tt0106918,nm0000129,The Firm,1993,6.9,"Drama, Mystery, Thriller"
tt0369339,nm0000129,Collateral,2004,7.5,"Action, Crime, Drama, Thriller"
tt3960394,nm0000129,Interview with the Vampire,1994,7.5,"Drama, Fantasy, Horror, Romance"
tt1631867,nm0000129,Edge of Tomorrow,2014,7.9,"Action, Adventure, Sci-Fi"
tt1745960,nm0000129,Top Gun: Maverick,2022,8.2,"Action, Drama"
tt9686194,nm0000129,War of the Worlds,2005,6.5,"Drama, Mystery, Sci-Fi"
tt2381249,nm0000129,Mission: Impossible - Rogue Nation,2015,7.4,"Action, Adventure, Thriller"
tt0317919,nm0000129,Mission: Impossible III,2006,6.9,"Action, Adventure, Thriller"
tt0120616,nm0000129,The Mummy,2017,5.4,"Action, Adventure, Fantasy"
tt0096969,nm0000129,Born on the Fourth of July,1989,7.2,"Biography, Drama, War"
tt0110912,nm0000237,Pulp Fiction,1994,8.9,"Crime, Drama"
tt0113161,nm0000237,Get Shorty,1995,6.9,"Comedy, Crime, Thriller"
tt0077631,nm0000237,Grease,1978,7.2,"Comedy, Musical, Romance"
tt0076666,nm0000237,Saturday Night Fever,1977,6.8,"Drama, Music"
tt0115759,nm0000237,Broken Arrow,1996,6.1,"Action, Adventure, Thriller"
tt0244244,nm0000237,Swordfish,2001,6.5,"Action, Crime, Thriller"
tt0144214,nm0000237,The General's Daughter,1999,6.4,"Crime, Drama, Mystery, Thriller"
tt0369672,nm0000237,A Love Song for Bobby Long,2004,7.1,Drama
tt0120633,nm0000237,A Civil Action,1998,6.6,"Biography, Drama"
tt1111422,nm0000237,The Taking of Pelham 123,2009,6.4,"Action, Crime, Thriller"
tt0120863,nm0000237,The Thin Red Line,1998,7.6,"Drama, History, War"
tt0103772,nm0000237,Basic,2003,6.4,"Drama, Mystery, Thriller"
tt0249478,nm0000237,Domestic Disturbance,2001,5.6,"Crime, Thriller"
tt0082085,nm0000237,Blow Out,1981,7.4,"Crime, Drama, Mystery, Thriller"
tt0486946,nm0000237,Wild Hogs,2007,5.8,"Action, Adventure, Comedy"
tt0397892,nm0000237,Bolt,2008,6.8,"Animation, Adventure, Comedy, Crime, Drama, Family, Sci-Fi"
tt0097778,nm0000237,Look Who's Talking,1989,5.9,Comedy
tt0219952,nm0000237,Lucky Numbers,2000,5.1,"Comedy, Crime"
tt1179034,nm0000237,From Paris with Love,2010,6.4,"Action, Crime, Thriller"
tt0976238,nm0000237,Old Dogs,2009,5.3,"Comedy, Family"
tt0103064,nm0000216,Terminator 2: Judgment Day,1991,8.6,"Action, Adventure, Sci-Fi"
tt0216216,nm0000216,The 6th Day,2000,5.9,"Action, Mystery, Sci-Fi, Thriller"
tt0088247,nm0000216,The Terminator,1984,8.1,"Action, Adventure, Sci-Fi"
tt0107362,nm0000216,Last Action Hero,1993,6.5,"Action, Adventure, Comedy, Fantasy"
tt0111503,nm0000216,True Lies,1994,7.3,"Action, Comedy, Thriller"
tt0093894,nm0000216,The Running Man,1987,6.6,"Action, Sci-Fi, Thriller"
tt0093773,nm0000216,Predator,1987,7.8,"Action, Adventure, Horror, Sci-Fi"
tt0116705,nm0000216,Jingle All the Way,1996,5.7,"Adventure, Comedy, Family"
tt0146675,nm0000216,End of Days,1999,5.8,"Action, Fantasy, Horror, Thriller"
tt0118688,nm0000216,Batman & Robin,1997,3.8,"Action, Sci-Fi"
tt0096320,nm0000216,Twins,1988,6.2,"Comedy, Crime"
tt0181852,nm0000216,Terminator 3: Rise of the Machines,2003,6.3,"Action, Sci-Fi"
tt0116213,nm0000216,Eraser,1996,6.2,"Action, Crime, Thriller"
tt0082198,nm0000216,Conan the Barbarian,1982,6.9,"Adventure, Fantasy"
tt2333784,nm0000216,The Expendables 3,2014,6.1,"Action, Adventure, Comedy, Crime, Thriller"
tt0100802,nm0000216,Total Recall,1990,7.5,"Action, Adventure, Sci-Fi"
tt0099938,nm0000216,Kindergarten Cop,1990,6.2,"Action, Comedy, Crime"
tt0110216,nm0000216,Junior,1994,4.7,"Comedy, Romance, Sci-Fi"
tt1340138,nm0000216,Terminator Genisys,2015,6.3,"Action, Adventure, Sci-Fi, Thriller"
tt0095963,nm0000216,Red Heat,1988,6.1,"Action, Comedy, Crime, Thriller"
tt0075148,nm0000230,Rocky,1976,8.1,"Drama, Sport"
tt0089927,nm0000230,Rocky IV,1985,6.9,"Drama, Sport"
tt3076658,nm0000230,Creed,2015,7.6,"Action, Drama, Sport"
tt0084602,nm0000230,Rocky III,1982,6.8,"Drama, Sport"
tt0095956,nm0000230,Rambo III,1988,5.8,"Action, Adventure, Thriller"
tt0083944,nm0000230,First Blood,1982,7.7,"Action, Adventure, Thriller"
tt3291150,nm0000230,The Expendables,2010,6.4,"Action, Adventure, Thriller, War"
tt0089880,nm0000230,Rambo: First Blood Part II,1985,6.5,"Action, Adventure, Thriller"
tt0079817,nm0000230,Rocky II,1979,7.3,"Drama, Sport"
tt0113492,nm0000230,Judge Dredd,1995,5.6,"Action, Crime, Sci-Fi, Thriller"
tt0093692,nm0000230,Over the Top,1987,5.8,"Action, Drama, Sport"
tt0100507,nm0000230,Rocky V,1990,5.4,"Drama, Sport"
tt0106582,nm0000230,Cliffhanger,1993,6.5,"Action, Adventure, Thriller"
tt0479143,nm0000230,Rocky Balboa,2006,7.1,"Drama, Sport"
tt2333784,nm0000230,The Expendables 3,2014,6.1,"Action, Adventure, Comedy, Crime, Thriller"
tt0462499,nm0000230,Rambo,2008,7,"Action, Thriller"
tt0118887,nm0000230,Cop Land,1997,7,"Crime, Drama, Thriller"
tt0112401,nm0000230,Assassins,1995,6.3,"Action, Crime, Thriller"
tt1764651,nm0000230,The Expendables 2,2012,6.6,"Action, Adventure, Thriller"
tt1206885,nm0000230,Rambo: Last Blood,2019,6.1,"Action, Crime, Thriller"
tt0338013,nm0000701,Eternal Sunshine of the Spotless Mind,2004,8.3,"Drama, Romance, Sci-Fi"
tt0120338,nm0000701,Titanic,1997,7.9,"Drama, Romance"
tt0959337,nm0000701,Revolutionary Road,2008,7.3,"Drama, Romance"
tt0976051,nm0000701,The Reader,2008,7.6,"Drama, Mystery, Romance"
tt0114388,nm0000701,Sense and Sensibility,1995,7.7,"Drama, Romance"
tt2080374,nm0000701,Steve Jobs,2015,7.2,"Biography, Drama"
tt2910904,nm0000701,The Dressmaker,2015,7,"Comedy, Drama, Western"
tt7097896,nm0000701,Carnage,2011,7.1,"Action, Sci-Fi, Thriller"
tt0308644,nm0000701,Finding Neverland,2004,7.7,"Biography, Drama, Family"
tt1840309,nm0000701,Divergent,2014,6.6,"Action, Adventure, Mystery, Sci-Fi"
tt2226597,nm0000701,The Mountain Between Us,2017,6.4,"Drama, Thriller"
tt0404203,nm0000701,Little Children,2006,7.5,"Drama, Romance"
tt5825380,nm0000701,Wonder Wheel,2017,6.2,"Drama, Romance"
tt0457939,nm0000701,The Holiday,2006,7,"Comedy, Romance"
tt4516496,nm0000701,The Divergent Series: Insurgent,2015,6.2,"Short, Action"
tt0110005,nm0000701,Heavenly Creatures,1994,7.3,"Biography, Crime, Drama, Thriller"
tt0180073,nm0000701,Quills,2000,7.2,"Biography, Drama"
tt1598778,nm0000701,Contagion,2011,6.8,"Drama, Thriller"
tt0289992,nm0000701,The Life of David Gale,2003,7.5,"Crime, Drama, Mystery, Thriller"
tt1967545,nm0000701,Labor Day,2013,6.9,"Drama, Romance, Thriller"
tt0468569,nm0000288,The Dark Knight,2008,9,"Action, Crime, Drama, Thriller"
tt0372784,nm0000288,Batman Begins,2005,8.2,"Action, Drama"
tt1345836,nm0000288,The Dark Knight Rises,2012,8.4,"Action, Drama, Thriller"
tt1800241,nm0000288,American Hustle,2013,7.2,"Crime, Drama"
tt0144084,nm0000288,American Psycho,2000,7.6,"Crime, Drama, Horror"
tt0964517,nm0000288,The Fighter,2010,7.8,"Action, Biography, Drama, Sport"
tt6266538,nm0000288,Vice,2018,7.2,"Biography, Comedy, Drama, History"
tt0361862,nm0000288,The Machinist,2004,7.6,"Drama, Thriller"
tt1596363,nm0000288,The Big Short,2015,7.8,"Biography, Comedy, Drama, History"
tt0482571,nm0000288,The Prestige,2006,8.5,"Drama, Mystery, Sci-Fi, Thriller"
tt0092965,nm0000288,Empire of the Sun,1987,7.7,"Drama, War"
tt0381849,nm0000288,3:10 to Yuma,2007,7.6,"Action, Crime, Drama, Western"
tt0433387,nm0000288,Harsh Times,2005,6.8,"Action, Crime, Drama, Thriller"
tt1950186,nm0000288,Ford v Ferrari,2019,8.1,"Action, Biography, Drama, Sport"
tt10304142,nm0000288,Amsterdam,2022,6.1,"Comedy, Drama, History, Mystery, Thriller"
tt0462504,nm0000288,Rescue Dawn,2006,7.3,"Adventure, Biography, War"
tt0114148,nm0000288,Pocahontas,1995,6.7,"Animation, Adventure, Drama, Family, Musical, Romance"
tt0238380,nm0000288,Equilibrium,2002,7.3,"Action, Drama, Sci-Fi, Thriller"
tt1206543,nm0000288,Out of the Furnace,2013,6.7,"Crime, Drama, Thriller"
tt0438488,nm0000288,Terminator Salvation,2009,6.5,"Action, Adventure, Sci-Fi"
tt0114369,nm0000151,Se7en,1995,8.6,"Crime, Drama, Mystery, Thriller"
tt0097239,nm0000151,Driving Miss Daisy,1989,7.3,"Comedy, Drama"
tt0405159,nm0000151,Million Dollar Baby,2004,8.1,"Drama, Sport"
tt0468569,nm0000151,The Dark Knight,2008,9,"Action, Crime, Drama, Thriller"
tt0111161,nm0000151,The Shawshank Redemption,1994,9.3,Drama
tt0315327,nm0000151,Bruce Almighty,2003,6.8,"Comedy, Fantasy"
tt0825232,nm0000151,The Bucket List,2007,7.4,"Adventure, Comedy, Drama"
tt0102798,nm0000151,Robin Hood: Prince of Thieves,1991,6.9,"Action, Adventure, Drama, Romance"
tt1490017,nm0000151,The Lego Movie,2014,7.7,"Animation, Action, Adventure, Comedy, Family, Fantasy, Sci-Fi"
tt0164184,nm0000151,The Sum of All Fears,2002,6.5,"Action, Drama, Thriller, War"
tt0120647,nm0000151,Deep Impact,1998,6.3,"Action, Drama, Sci-Fi, Thriller"
tt0105695,nm0000151,Unforgiven,1992,8.2,"Drama, Western"
tt0118607,nm0000151,Amistad,1997,7.3,"Biography, Drama, History"
tt0372784,nm0000151,Batman Begins,2005,8.2,"Action, Drama"
tt0119468,nm0000151,Kiss the Girls,1997,6.6,"Crime, Drama, Mystery, Thriller"
tt14948432,nm0000151,RED,2010,7,"Action, Adventure, Comedy, Fantasy, Mystery"
tt0452623,nm0000151,Gone Baby Gone,2007,7.6,"Crime, Drama, Mystery, Thriller"
tt1057500,nm0000151,Invictus,2009,7.3,"Biography, Drama, History, Sport"
tt0164334,nm0000151,Along Came a Spider,2001,6.4,"Crime, Drama, Mystery, Thriller"
tt0171580,nm0000151,Nurse Betty,2000,6.3,"Comedy, Crime, Drama, Romance"
tt0133093,nm0000206,The Matrix,1999,8.7,"Action, Sci-Fi"
tt0111257,nm0000206,Speed,1994,7.3,"Action, Adventure, Thriller"
tt0102685,nm0000206,Point Break,1991,7.3,"Action, Crime, Thriller"
tt10366206,nm0000206,John Wick: Chapter 4,2023,7.6,"Action, Crime, Thriller"
tt0234215,nm0000206,The Matrix Reloaded,2003,7.2,"Action, Sci-Fi"
tt0113481,nm0000206,Johnny Mnemonic,1995,5.6,"Action, Drama, Sci-Fi, Thriller"
tt6146586,nm0000206,John Wick: Chapter 3 - Parabellum,2019,7.4,"Action, Crime, Thriller"
tt2911666,nm0000206,John Wick,2014,7.4,"Action, Crime, Thriller"
tt0230838,nm0000206,Sweet November,2001,6.7,"Drama, Romance"
tt0360486,nm0000206,Constantine,2005,7,"Action, Fantasy, Horror, Mystery"
tt0242653,nm0000206,The Matrix Revolutions,2003,6.7,"Action, Sci-Fi"
tt0115857,nm0000206,Chain Reaction,1996,5.7,"Action, Drama, Sci-Fi, Thriller"
tt4425200,nm0000206,John Wick: Chapter 2,2017,7.4,"Action, Crime, Thriller"
tt0410297,nm0000206,The Lake House,2006,6.8,"Drama, Fantasy, Romance"
tt1086064,nm0000206,Bill & Ted Face the Music,2020,5.9,"Adventure, Comedy, Music, Sci-Fi"
tt0096928,nm0000206,Bill & Ted's Excellent Adventure,1989,6.9,"Adventure, Comedy, Music, Romance, Sci-Fi"
tt0101452,nm0000206,Bill & Ted's Bogus Journey,1991,6.3,"Adventure, Comedy, Fantasy, Music, Sci-Fi"
tt14852808,nm0000206,The Watcher,2000,5.3,"Drama, Horror, Mystery, Thriller"
tt0118971,nm0000206,The Devil's Advocate,1997,7.5,"Drama, Fantasy, Mystery, Thriller"
tt4178092,nm0000206,The Gift,2000,6.7,"Drama, Mystery, Thriller"
tt0119094,nm0000115,Face/Off,1997,7.3,"Action, Crime, Sci-Fi, Thriller"
tt0113627,nm0000115,Leaving Las Vegas,1995,7.5,"Drama, Romance"
tt0117500,nm0000115,The Rock,1996,7.4,"Action, Adventure, Thriller"
tt29439114,nm0000115,Next,2007,6.2,Drama
tt0268126,nm0000115,Adaptation.,2002,7.7,"Comedy, Drama"
tt0118880,nm0000115,Con Air,1997,6.9,"Action, Crime, Thriller"
tt14824600,nm0000115,Lord of War,2005,7.6,"Animation, Action, Adventure, Drama, Fantasy"
tt0465234,nm0000115,National Treasure: Book of Secrets,2007,6.5,"Action, Adventure, Mystery, Thriller"
tt0070917,nm0000115,The Wicker Man,2006,3.8,"Horror, Mystery, Thriller"
tt0368891,nm0000115,National Treasure,2004,6.9,"Action, Adventure, Mystery, Thriller"
tt11003218,nm0000115,Pig,2021,6.9,"Drama, Mystery"
tt1095217,nm0000115,Bad Lieutenant: Port of Call New Orleans,2009,6.6,"Crime, Drama, Mystery"
tt0120632,nm0000115,City of Angels,1998,6.7,"Drama, Fantasy, Romance"
tt8404256,nm0000115,Snake Eyes,1998,6.1,"Action, Adventure, Crime, Fantasy, Sci-Fi, Thriller"
tt0325805,nm0000115,Matchstick Men,2003,7.3,"Comedy, Crime, Drama, Thriller"
tt1502404,nm0000115,Drive Angry,2011,5.4,"Action, Comedy, Fantasy, Thriller"
tt0448011,nm0000115,Knowing,2009,6.2,"Mystery, Sci-Fi, Thriller"
tt1250777,nm0000115,Kick-Ass,2010,7.6,"Action, Comedy, Crime"
tt2467046,nm0000115,Left Behind,2014,3.1,"Action, Fantasy, Sci-Fi, Thriller"
tt0071571,nm0000115,Gone in 60 Seconds,2000,6.5,"Action, Crime, Drama, Thriller"
tt1707386,nm0413168,Les Misérables,2012,7.5,"Drama, Musical, Romance"
tt3315342,nm0413168,Logan,2017,8.1,"Action, Drama, Sci-Fi, Thriller"
tt0120903,nm0413168,X-Men,2000,7.3,"Action, Adventure, Sci-Fi"
tt0458525,nm0413168,X-Men Origins: Wolverine,2009,6.5,"Action, Sci-Fi"
tt1485796,nm0413168,The Greatest Showman,2017,7.5,"Biography, Drama, Musical"
tt1392214,nm0413168,Prisoners,2013,8.2,"Crime, Drama, Mystery, Thriller"
tt0376994,nm0413168,X-Men: The Last Stand,2006,6.6,"Action, Adventure, Sci-Fi"
tt1877832,nm0413168,X-Men: Days of Future Past,2014,7.9,"Action, Adventure, Sci-Fi, Thriller"
tt0414993,nm0413168,The Fountain,2006,7.2,"Drama, Mystery, Romance, Sci-Fi"
tt0482571,nm0413168,The Prestige,2006,8.5,"Drama, Mystery, Sci-Fi, Thriller"
tt0338526,nm0413168,Van Helsing,2004,6.1,"Action, Adventure, Fantasy, Thriller"
tt0290334,nm0413168,X2: X-Men United,2003,7.4,"Action, Sci-Fi, Thriller"
tt1430132,nm0413168,The Wolverine,2013,6.7,"Action, Sci-Fi"
tt2337840,nm0413168,Bad Education,2019,7.1,Comedy
tt0035423,nm0413168,Kate & Leopold,2001,6.4,"Comedy, Fantasy, Romance"
tt6263850,nm0413168,Deadpool & Wolverine,2024,7.6,"Action, Adventure, Comedy, Sci-Fi"
tt0433035,nm0413168,Real Steel,2011,7.1,"Action, Drama, Sci-Fi, Sport"
tt0455824,nm0413168,Australia,2008,6.6,"Adventure, Drama, Romance, War, Western"
tt1823672,nm0413168,Chappie,2015,6.8,"Action, Crime, Drama, Sci-Fi, Thriller"
tt1924396,nm0413168,Deception,2008,6,"Crime, Drama, Mystery, Romance, Thriller"
tt0137523,nm0001570,Fight Club,1999,8.8,Drama
tt0120586,nm0001570,American History X,1998,8.5,"Crime, Drama"
tt0117381,nm0001570,Primal Fear,1996,7.7,"Crime, Drama, Mystery, Thriller"
tt2562232,nm0001570,Birdman or (The Unexpected Virtue of Ignorance),2014,7.7,"Comedy, Drama"
tt0443543,nm0001570,The Illusionist,2006,7.5,"Drama, Fantasy, Mystery, Romance, Thriller"
tt0800080,nm0001570,The Incredible Hulk,2008,6.6,"Action, Adventure, Sci-Fi"
tt0307901,nm0001570,25th Hour,2002,7.6,Drama
tt0116242,nm0001570,Everyone Says I Love You,1996,6.7,"Comedy, Musical, Romance"
tt0128442,nm0001570,Rounders,1998,7.3,"Crime, Drama"
tt0320661,nm0001570,Kingdom of Heaven,2005,7.3,"Action, Adventure, Drama, History, War"
tt0266452,nm0001570,Death to Smoochy,2002,6.3,"Comedy, Crime, Drama, Thriller"
tt5104604,nm0001570,Isle of Dogs,2018,7.8,"Animation, Adventure, Comedy, Drama, Fantasy, Sci-Fi"
tt0317740,nm0001570,The Italian Job,2003,7,"Action, Crime, Thriller"
tt1151359,nm0001570,Leaves of Grass,2009,6.4,"Comedy, Crime, Drama, Thriller"
tt0289765,nm0001570,Red Dragon,2002,7.2,"Crime, Drama, Thriller"
tt1194173,nm0001570,The Bourne Legacy,2012,6.6,"Action, Adventure, Thriller"
tt0398027,nm0001570,Down in the Valley,2005,6.4,"Drama, Romance, Thriller"
tt11564570,nm0001570,Glass Onion,2022,7.1,"Comedy, Crime, Drama, Mystery, Thriller"
tt14230388,nm0001570,Asteroid City,2023,6.5,"Comedy, Drama, Romance, Sci-Fi"
tt0356680,nm0001570,Stone,2010,5.4,"Comedy, Drama, Romance"
tt0095016,nm0000246,Die Hard,1988,8.2,"Action, Thriller"
tt0110912,nm0000246,Pulp Fiction,1994,8.9,"Crime, Drama"
tt0088571,nm0000246,Moonlighting,1985,7.6,"Comedy, Drama, Mystery, Romance"
tt0167404,nm0000246,The Sixth Sense,1999,8.2,"Drama, Mystery, Thriller"
tt0120591,nm0000246,Armageddon,1998,6.7,"Action, Adventure, Sci-Fi, Thriller"
tt1748122,nm0000246,Moonrise Kingdom,2012,7.8,"Adventure, Comedy, Drama, Fantasy, Romance"
tt0119116,nm0000246,The Fifth Element,1997,7.6,"Action, Adventure, Sci-Fi"
tt0217869,nm0000246,Unbreakable,2000,7.3,"Drama, Mystery, Sci-Fi, Thriller"
tt0114746,nm0000246,12 Monkeys,1995,8,"Mystery, Sci-Fi, Thriller"
tt0102266,nm0000246,The Last Boy Scout,1991,7,"Action, Comedy, Crime, Thriller"
tt0337978,nm0000246,Live Free or Die Hard,2007,7.1,"Action, Thriller"
tt0133952,nm0000246,The Siege,1998,6.4,"Action, Thriller"
tt0401792,nm0000246,Sin City,2005,8,"Crime, Thriller"
tt0109456,nm0000246,Color of Night,1994,5.2,"Drama, Mystery, Romance, Thriller"
tt0120749,nm0000246,Mercury Rising,1998,6.1,"Action, Crime, Drama, Thriller"
tt0071402,nm0000246,Death Wish,2018,6.3,"Action, Crime, Drama, Thriller"
tt24053860,nm0000246,The Jackal,1997,6.4,"Action, Crime, Drama, Thriller"
tt0104070,nm0000246,Death Becomes Her,1992,6.7,"Comedy, Fantasy, Horror"
tt6823368,nm0000246,Glass,2019,6.6,"Drama, Horror, Sci-Fi, Thriller"
tt0112864,nm0000246,Die Hard with a Vengeance,1995,7.6,"Action, Adventure, Thriller"
tt0162222,nm0000158,Cast Away,2000,7.8,"Adventure, Drama, Romance"
tt0094737,nm0000158,Big,1988,7.3,"Comedy, Drama, Fantasy, Romance"
tt0109830,nm0000158,Forrest Gump,1994,8.8,"Drama, Romance"
tt0472954,nm0000158,Philadelphia,1993,7.7,Comedy
tt1535109,nm0000158,Captain Phillips,2013,7.8,"Action, Biography, Crime, Drama, Thriller"
tt0120815,nm0000158,Saving Private Ryan,1998,8.6,"Drama, War"
tt0112384,nm0000158,Apollo 13,1995,7.7,"Adventure, Drama, History"
tt0382625,nm0000158,The Da Vinci Code,2006,6.6,"Mystery, Thriller"
tt6294822,nm0000158,The Post,2017,7.2,"Biography, Drama, History, Thriller, War"
tt3263904,nm0000158,Sully,2016,7.4,"Biography, Drama"
tt0120689,nm0000158,The Green Mile,1999,8.6,"Crime, Drama, Fantasy, Mystery"
tt0117887,nm0000158,That Thing You Do!,1996,7,"Comedy, Drama, Music"
tt0104694,nm0000158,A League of Their Own,1992,7.3,"Comedy, Drama, Sport"
tt0338348,nm0000158,The Polar Express,2004,6.6,"Animation, Adventure, Comedy, Family, Fantasy, Musical"
tt2140373,nm0000158,Saving Mr. Banks,2013,7.5,"Biography, Comedy, Drama"
tt3704428,nm0000158,Elvis,2022,7.3,"Biography, Drama, Music"
tt1371111,nm0000158,Cloud Atlas,2012,7.4,"Drama, Mystery, Sci-Fi, Thriller"
tt0257044,nm0000158,Road to Perdition,2002,7.7,"Crime, Drama, Thriller"
tt0108160,nm0000158,Sleepless in Seattle,1993,6.8,"Comedy, Drama, Romance"
tt0472062,nm0000158,Charlie Wilson's War,2007,7,"Biography, Comedy, Drama, History"
tt0434706,nm0000234,Monster,2003,7.3,"Animation, Crime, Drama, Mystery, Thriller"
tt1735898,nm0000234,Snow White and the Huntsman,2012,6.1,"Action, Adventure, Drama, Fantasy, Romance, Sci-Fi, Thriller, War"
tt1392190,nm0000234,Mad Max: Fury Road,2015,8.1,"Action, Adventure, Sci-Fi, Thriller"
tt5610554,nm0000234,Tully,2018,6.9,"Comedy, Drama, Mystery"
tt2406566,nm0000234,Atomic Blonde,2017,6.7,"Action, Thriller"
tt1625346,nm0000234,Young Adult,2011,6.3,"Comedy, Drama"
tt0395972,nm0000234,North Country,2005,7.3,Drama
tt0317740,nm0000234,The Italian Job,2003,7,"Action, Crime, Thriller"
tt6394270,nm0000234,Bombshell,2019,6.8,"Biography, Drama"
tt0402022,nm0000234,Æon Flux,2005,5.4,"Action, Adventure, Sci-Fi, Thriller"
tt0124315,nm0000234,The Cider House Rules,1999,7.4,"Drama, Romance"
tt2381991,nm0000234,The Huntsman: Winter's War,2016,6.1,"Action, Adventure, Drama, Fantasy, Romance, Sci-Fi, War"
tt0230838,nm0000234,Sweet November,2001,6.7,"Drama, Romance"
tt7556122,nm0000234,The Old Guard,2020,6.7,"Action, Thriller"
tt0118971,nm0000234,The Devil's Advocate,1997,7.5,"Drama, Fantasy, Mystery, Thriller"
tt4630562,nm0000234,The Fate of the Furious,2017,6.6,"Action, Crime, Thriller"
tt2557490,nm0000234,A Million Ways to Die in the West,2014,6.1,"Comedy, Western"
tt2402101,nm0000234,Dark Places,2015,6.2,"Crime, Drama, Mystery, Thriller"
tt1446714,nm0000234,Prometheus,2012,7,"Adventure, Mystery, Sci-Fi"
tt4302938,nm0000234,Kubo and the Two Strings,2016,7.7,"Animation, Action, Adventure, Family, Fantasy"
tt0098800,nm0000226,The Fresh Prince of Bel-Air,1990,7.9,Comedy
tt0119654,nm0000226,Men in Black,1997,7.3,"Action, Adventure, Comedy, Sci-Fi"
tt0480249,nm0000226,I Am Legend,2007,7.2,"Drama, Horror, Sci-Fi, Thriller"
tt0120891,nm0000226,Wild Wild West,1999,4.9,"Action, Comedy, Sci-Fi, Western"
tt0116629,nm0000226,Independence Day,1996,7,"Action, Adventure, Sci-Fi"
tt0386588,nm0000226,Hitch,2005,6.6,"Comedy, Romance"
tt1815862,nm0000226,After Earth,2013,4.8,"Action, Adventure, Sci-Fi"
tt0454921,nm0000226,The Pursuit of Happyness,2006,8,"Biography, Drama"
tt6139732,nm0000226,Aladdin,2019,6.9,"Adventure, Comedy, Family, Fantasy, Musical, Romance"
tt0448157,nm0000226,Hancock,2008,6.4,"Action, Comedy, Drama, Fantasy"
tt0814314,nm0000226,Seven Pounds,2008,7.6,"Drama, Mystery, Thriller"
tt3322364,nm0000226,Concussion,2015,7.1,"Biography, Drama, Sport"
tt0172156,nm0000226,Bad Boys II,2003,6.6,"Action, Comedy, Crime, Thriller"
tt0120912,nm0000226,Men in Black II,2002,6.2,"Action, Adventure, Comedy, Mystery, Sci-Fi"
tt0120660,nm0000226,Enemy of the State,1998,7.3,"Action, Thriller"
tt9620288,nm0000226,King Richard,2021,7.5,"Biography, Drama, Sport"
tt0119654,nm0000226,Men in Black³,2012,6.8,"Action, Adventure, Comedy, Sci-Fi"
tt0248667,nm0000226,Ali,2001,6.7,"Biography, Drama, Sport"
tt1386697,nm0000226,Suicide Squad,2016,5.9,"Action, Adventure, Fantasy, Sci-Fi"
tt0307453,nm0000226,Shark Tale,2004,6,"Animation, Adventure, Comedy, Family, Thriller"
tt0055928,nm0000125,Dr. No,1962,7.2,"Action, Adventure, Thriller"
tt0117500,nm0000125,The Rock,1996,7.4,"Action, Adventure, Thriller"
tt0094226,nm0000125,The Untouchables,1987,7.8,"Crime, Drama, Thriller"
tt0091605,nm0000125,The Name of the Rose,1986,7.7,"Drama, Mystery, Thriller"
tt0059800,nm0000125,Thunderball,1965,6.9,"Action, Adventure, Thriller"
tt0058150,nm0000125,Goldfinger,1964,7.7,"Action, Adventure, Thriller"
tt0097576,nm0000125,Indiana Jones and the Last Crusade,1989,8.2,"Action, Adventure"
tt0137494,nm0000125,Entrapment,1999,6.3,"Action, Crime, Romance, Thriller"
tt0086006,nm0000125,Never Say Never Again,1983,6.1,"Action, Adventure, Thriller"
tt0099810,nm0000125,The Hunt for Red October,1990,7.5,"Action, Adventure, Thriller"
tt0848228,nm0000125,The Avengers,1998,3.8,"Action, Sci-Fi"
tt0181536,nm0000125,Finding Forrester,2000,7.3,"Drama, Sport"
tt0311429,nm0000125,The League of Extraordinary Gentlemen,2003,5.8,"Action, Adventure, Fantasy, Sci-Fi"
tt0062512,nm0000125,You Only Live Twice,1967,6.8,"Action, Adventure, Thriller"
tt0057076,nm0000125,From Russia with Love,1963,7.3,"Action, Adventure, Thriller"
tt0107969,nm0000125,Rising Sun,1993,6.3,"Action, Crime, Drama, Mystery, Thriller"
tt0058329,nm0000125,Marnie,1964,7.1,"Crime, Drama, Mystery, Romance, Thriller"
tt0066995,nm0000125,Diamonds Are Forever,1971,6.5,"Action, Adventure, Thriller"
tt0082869,nm0000125,Outland,1981,6.6,"Action, Crime, Sci-Fi, Thriller, Western"
tt0116136,nm0000125,DragonHeart,1996,6.4,"Action, Adventure, Fantasy"
tt0325980,nm0461136,Pirates of the Caribbean: The Curse of the Black Pearl,2003,8.1,"Action, Adventure, Fantasy"
tt0414387,nm0461136,Pride & Prejudice,2005,7.8,"Drama, Romance"
tt0783233,nm0461136,Atonement,2007,7.8,"Drama, Mystery, Romance, War"
tt2084970,nm0461136,The Imitation Game,2014,8,"Biography, Drama, Thriller, War"
tt1980929,nm0461136,Begin Again,2013,7.4,"Comedy, Drama, Music, Romance"
tt1781769,nm0461136,Anna Karenina,2012,6.6,"Drama, Romance"
tt0349683,nm0461136,King Arthur,2004,6.3,"Action, Adventure, Drama, War"
tt0864761,nm0461136,The Duchess,2008,6.9,"Biography, Drama, History, Romance, Thriller"
tt1571222,nm0461136,A Dangerous Method,2011,6.4,"Biography, Drama, Romance"
tt1307068,nm0461136,Seeking a Friend for the End of the World,2012,6.7,"Adventure, Comedy, Drama, Romance, Sci-Fi"
tt0314331,nm0461136,Love Actually,2003,7.6,"Comedy, Drama, Romance"
tt0286499,nm0461136,Bend It Like Beckham,2002,6.7,"Comedy, Drama, Romance, Sport"
tt2034031,nm0461136,Laggies,2014,6.4,"Comedy, Drama, Romance"
tt5437928,nm0461136,Colette,2018,6.7,"Biography, Drama, History, Romance"
tt0242527,nm0461136,The Hole,2001,6.2,"Drama, Mystery, Thriller"
tt0421054,nm0461136,Domino,2005,5.9,"Action, Biography, Crime, Drama, Thriller"
tt5431890,nm0461136,Official Secrets,2019,7.3,"Biography, Crime, Drama, Thriller, War"
tt1334260,nm0461136,Never Let Me Go,2010,7.1,"Drama, Romance"
tt1205537,nm0461136,Jack Ryan: Shadow Recruit,2014,6.2,"Action, Drama, Thriller"
tt9639470,nm0461136,Last Night,2010,6.5,"Drama, Horror, Mystery, Thriller"
tt0295701,nm0004874,xXx,2002,5.8,"Action, Adventure, Drama, Thriller"
tt0232500,nm0004874,The Fast and the Furious,2001,6.8,"Action, Crime, Thriller"
tt2015381,nm0004874,Guardians of the Galaxy,2014,8,"Action, Adventure, Comedy, Sci-Fi"
tt2820852,nm0004874,Furious 7,2015,7.1,"Action, Thriller"
tt5433140,nm0004874,Fast X,2023,5.7,"Action, Adventure, Crime, Mystery, Thriller"
tt5433138,nm0004874,F9: The Fast Saga,2021,5.2,"Action, Crime, Thriller"
tt1293847,nm0004874,xXx: Return of Xander Cage,2017,5.2,"Action, Adventure, Thriller"
tt0266465,nm0004874,A Man Apart,2003,6,"Action, Crime, Drama, Thriller"
tt0134847,nm0004874,Pitch Black,2000,7,"Horror, Sci-Fi, Thriller"
tt3896198,nm0004874,Guardians of the Galaxy Vol. 2,2017,7.6,"Action, Adventure, Comedy, Sci-Fi"
tt4630562,nm0004874,The Fate of the Furious,2017,6.6,"Action, Crime, Thriller"
tt0395699,nm0004874,The Pacifier,2005,5.6,"Action, Comedy, Drama, Family"
tt0419749,nm0004874,Find Me Guilty,2006,7,"Biography, Comedy, Crime, Drama"
tt1634106,nm0004874,Bloodshot,2020,5.7,"Action, Adventure, Sci-Fi"
tt0120815,nm0004874,Saving Private Ryan,1998,8.6,"Drama, War"
tt1618442,nm0004874,The Last Witch Hunter,2015,5.9,"Action, Adventure, Fantasy"
tt0364970,nm0004874,Babylon A.D.,2008,5.5,"Action, Adventure, Sci-Fi, Thriller"
tt15153532,nm0004874,Strays,1997,5.5,"Adventure, Comedy"
tt4154756,nm0004874,Avengers: Infinity War,2018,8.4,"Action, Adventure, Sci-Fi"
tt0129167,nm0004874,The Iron Giant,1999,8.1,"Animation, Action, Adventure, Comedy, Drama, Family, Sci-Fi"
tt0119217,nm0000354,Good Will Hunting,1997,8.3,"Drama, Romance"
tt3659388,nm0000354,The Martian,2015,8,"Adventure, Drama, Sci-Fi"
tt0407887,nm0000354,The Departed,2006,8.5,"Crime, Drama, Thriller"
tt0134119,nm0000354,The Talented Mr. Ripley,1999,7.4,"Crime, Drama, Thriller"
tt0119978,nm0000354,The Rainmaker,1997,7.2,"Crime, Drama, Thriller"
tt0343737,nm0000354,The Good Shepherd,2006,6.7,"Drama, History, Thriller"
tt1403865,nm0000354,True Grit,2010,7.6,"Drama, Western"
tt2034800,nm0000354,The Great Wall,2016,5.9,"Action, Adventure, Fantasy, Thriller"
tt1291580,nm0000354,Behind the Candelabra,2013,7,"Biography, Drama, Music, Romance"
tt1130080,nm0000354,The Informant!,2009,6.5,"Biography, Comedy, Crime, Drama"
tt4196776,nm0000354,Jason Bourne,2016,6.6,"Action, Thriller"
tt4244994,nm0000354,The Last Duel,2021,7.3,"Drama, History, Thriller"
tt15398776,nm0000354,Oppenheimer,2023,8.3,"Biography, Drama, History"
tt0947810,nm0000354,Green Zone,2010,6.8,"Action, Drama, Thriller, War"
tt16419074,nm0000354,Air,2023,7.4,"Drama, Sport"
tt1385826,nm0000354,The Adjustment Bureau,2011,7,"Crime, Drama, Mystery, Romance, Sci-Fi, Thriller"
tt0166813,nm0000354,Spirit: Stallion of the Cimarron,2002,7.2,"Animation, Adventure, Drama, Family, Western"
tt1535108,nm0000354,Elysium,2013,6.6,"Action, Drama, Sci-Fi, Thriller"
tt0258463,nm0000354,The Bourne Identity,2002,7.8,"Action, Mystery, Thriller"
tt0349903,nm0000354,Ocean's Twelve,2004,6.5,"Crime, Thriller"
tt2261391,nm0000152,Chicago,2002,7.2,"Action, Drama"
tt0100405,nm0000152,Pretty Woman,1990,7.1,"Comedy, Romance"
tt0084434,nm0000152,An Officer and a Gentleman,1982,7.1,"Drama, Romance"
tt24053860,nm0000152,The Jackal,1997,6.4,"Action, Crime, Drama, Thriller"
tt0163187,nm0000152,Runaway Bride,1999,5.6,"Comedy, Romance"
tt1764183,nm0000152,Arbitrage,2012,6.6,"Drama, Thriller"
tt0174480,nm0000152,Autumn in New York,2000,5.6,"Drama, Romance"
tt0080365,nm0000152,American Gigolo,1980,6.3,"Crime, Drama, Mystery, Romance, Thriller"
tt0077405,nm0000152,Days of Heaven,1978,7.7,"Drama, Romance"
tt0117381,nm0000152,Primal Fear,1996,7.7,"Crime, Drama, Mystery, Thriller"
tt0265349,nm0000152,The Mothman Prophecies,2002,6.4,"Drama, Horror, Mystery, Thriller"
tt0358135,nm0000152,Shall We Dance?,2004,6.2,"Comedy, Drama, Music, Romance"
tt0368794,nm0000152,I'm Not There,2007,6.8,"Biography, Drama, Music"
tt0250797,nm0000152,Unfaithful,2002,6.7,"Drama, Romance, Thriller"
tt0119994,nm0000152,Red Corner,1997,6.3,"Crime, Drama, Thriller"
tt1028532,nm0000152,Hachi: A Dog's Tale,2009,8.1,"Biography, Drama, Family"
tt0113071,nm0000152,First Knight,1995,6,"Action, Adventure, Drama, Romance"
tt1825157,nm0000152,The Double,2011,5.9,"Comedy, Drama, Mystery, Sci-Fi, Thriller"
tt21906554,nm0000152,The Hunting Party,2007,6.8,"Crime, Drama"
tt0205271,nm0000152,Dr. T & the Women,2000,4.7,"Comedy, Drama, Romance"
tt2261391,nm0001876,Chicago,2002,7.2,"Action, Drama"
tt0120746,nm0001876,The Mask of Zorro,1998,6.8,"Action, Adventure, Comedy, Romance, Thriller, Western"
tt0181865,nm0001876,Traffic,2000,7.6,"Crime, Drama, Thriller"
tt0137494,nm0001876,Entrapment,1999,6.3,"Action, Crime, Romance, Thriller"
tt6763664,nm0001876,The Haunting,1999,5,"Drama, Horror, Mystery, Thriller"
tt1336608,nm0001876,Rock of Ages,2012,5.9,"Comedy, Drama, Musical, Romance"
tt0362227,nm0001876,The Terminal,2004,7.4,"Comedy, Drama, Romance"
tt0265029,nm0001876,America's Sweethearts,2001,5.7,"Comedy, Romance"
tt0138524,nm0001876,Intolerable Cruelty,2003,6.3,"Comedy, Crime, Romance"
tt0349903,nm0001876,Ocean's Twelve,2004,6.5,"Crime, Thriller"
tt0293508,nm0001876,The Phantom,1996,5.1,"Drama, Musical, Romance, Thriller"
tt1205535,nm0001876,The Rebound,2009,6.3,"Comedy, Romance"
tt1235522,nm0001876,Broken City,2013,6.1,"Crime, Drama, Mystery, Thriller"
tt1821694,nm0001876,RED 2,2013,6.6,"Action, Comedy, Crime, Thriller"
tt0386140,nm0001876,The Legend of Zorro,2005,6,"Action, Adventure, Romance, Thriller, Western"
tt0146882,nm0001876,High Fidelity,2000,7.4,"Comedy, Drama, Music, Romance"
tt0481141,nm0001876,No Reservations,2007,6.3,"Comedy, Drama, Romance"
tt2053463,nm0001876,Side Effects,2013,7.1,"Crime, Drama, Mystery, Thriller"
tt0165982,nm0001876,Sinbad: Legend of the Seven Seas,2003,6.7,"Animation, Adventure, Comedy, Family, Fantasy"
tt1540128,nm0001876,Playing for Keeps,2012,5.7,"Comedy, Romance, Sport"
tt0376541,nm0654110,Closer,2004,7.2,"Drama, Romance"
tt0206634,nm0654110,Children of Men,2006,7.9,"Drama, Sci-Fi, Thriller"
tt0280707,nm0654110,Gosford Park,2001,7.2,"Comedy, Drama, Mystery"
tt26670955,nm0654110,Inside Man,2006,7.6,"Comedy, Crime"
tt0465602,nm0654110,Shoot 'Em Up,2007,6.6,"Action, Comedy, Thriller"
tt0401792,nm0654110,Sin City,2005,8,"Crime, Thriller"
tt5397194,nm0654110,Anon,2018,6.1,"Crime, Mystery, Sci-Fi, Thriller"
tt0398017,nm0654110,Derailed,2005,6.6,"Crime, Drama, Thriller"
tt1448755,nm0654110,Killer Elite,2011,6.4,"Action, Thriller"
tt0349683,nm0654110,King Arthur,2004,6.3,"Action, Adventure, Drama, War"
tt1135487,nm0654110,Duplicity,2009,6.1,"Comedy, Crime, Romance, Thriller"
tt0258463,nm0654110,The Bourne Identity,2002,7.8,"Action, Mystery, Thriller"
tt0963178,nm0654110,The International,2009,6.5,"Action, Crime, Drama, Mystery, Thriller"
tt2239822,nm0654110,Valerian and the City of a Thousand Planets,2017,6.4,"Action, Adventure, Fantasy, Sci-Fi"
tt0103130,nm0654110,Trust,2010,6.9,"Comedy, Crime, Drama"
tt1025100,nm0654110,Gemini Man,2019,5.7,"Action, Sci-Fi, Thriller"
tt0159382,nm0654110,Croupier,1998,7,"Crime, Drama, Thriller"
tt0414055,nm0654110,Elizabeth: The Golden Age,2007,6.8,"Biography, Drama, History, War"
tt0294357,nm0654110,Beyond Borders,2003,6.4,"Adventure, Drama, Romance, War"
tt0926380,nm0654110,The Boys Are Back,2009,6.8,Drama
tt0112573,nm0000154,Braveheart,1995,8.3,"Biography, Drama, War"
tt0104714,nm0000154,Lethal Weapon 3,1992,6.7,"Action, Crime, Thriller"
tt0118883,nm0000154,Conspiracy Theory,1997,6.7,"Action, Drama, Mystery, Thriller"
tt5809150,nm0000154,Ransom,1996,6.7,"Crime, Drama, Thriller"
tt0093409,nm0000154,Lethal Weapon,1987,7.6,"Action, Crime, Thriller"
tt0120784,nm0000154,Payback,1999,7.1,"Action, Crime, Drama, Thriller"
tt6491178,nm0000154,Dragged Across Concrete,2018,6.9,"Action, Crime, Drama, Thriller"
tt0122151,nm0000154,Lethal Weapon 4,1998,6.6,"Action, Crime, Thriller"
tt0089530,nm0000154,Mad Max Beyond Thunderdome,1985,6.2,"Action, Adventure, Sci-Fi"
tt0207201,nm0000154,What Women Want,2000,6.5,"Comedy, Fantasy, Romance"
tt2333784,nm0000154,The Expendables 3,2014,6.1,"Action, Adventure, Comedy, Crime, Thriller"
tt0286106,nm0000154,Signs,2002,6.8,"Drama, Mystery, Sci-Fi, Thriller"
tt0335345,nm0000154,The Passion of the Christ,2004,7.2,Drama
tt12037194,nm0000154,Mad Max,1979,6.8,"Action, Adventure, Sci-Fi, Thriller"
tt1226273,nm0000154,Edge of Darkness,2010,6.6,"Action, Adventure, Drama, Mystery, Thriller"
tt1567609,nm0000154,Get the Gringo,2012,6.9,"Action, Drama, Thriller"
tt0472043,nm0000154,Apocalypto,2006,7.8,"Action, Adventure, Drama, Thriller"
tt0097733,nm0000154,Lethal Weapon 2,1989,7.3,"Action, Crime, Thriller"
tt0277434,nm0000154,We Were Soldiers,2002,7.2,"Action, Drama, History, War"
tt1745960,nm0000154,Maverick,1994,7,"Action, Drama"
tt0465538,nm0000123,Michael Clayton,2007,7.2,"Crime, Drama, Mystery, Thriller"
tt1193138,nm0000123,Up in the Air,2009,7.4,"Comedy, Drama, Romance"
tt1124035,nm0000123,The Ides of March,2011,7.1,"Drama, Thriller"
tt2177771,nm0000123,The Monuments Men,2014,6.1,"Comedy, Drama, War"
tt0116367,nm0000123,From Dusk Till Dawn,1996,7.2,"Action, Crime, Horror"
tt0433383,nm0000123,"Good Night, and Good Luck.",2005,7.4,"Biography, Drama, History"
tt1033575,nm0000123,The Descendants,2011,7.3,"Comedy, Drama"
tt0365737,nm0000123,Syriana,2005,6.9,"Drama, Thriller"
tt0270288,nm0000123,Confessions of a Dangerous Mind,2002,7,"Biography, Comedy, Crime, Drama, Romance, Thriller"
tt0120188,nm0000123,Three Kings,1999,7.1,"Action, Adventure, Comedy, Drama, War"
tt0190590,nm0000123,"O Brother, Where Art Thou?",2000,7.7,"Comedy, Crime, Drama, Music"
tt1454468,nm0000123,Gravity,2013,7.7,"Drama, Sci-Fi, Thriller"
tt0240772,nm0000123,Ocean's Eleven,2001,7.7,"Crime, Thriller"
tt0496806,nm0000123,Ocean's Thirteen,2007,6.9,"Crime, Thriller"
tt0120780,nm0000123,Out of Sight,1998,7,"Comedy, Crime, Drama, Romance, Thriller"
tt1234548,nm0000123,The Men Who Stare at Goats,2009,6.2,"Comedy, War"
tt1964418,nm0000123,Tomorrowland,2015,6.4,"Action, Adventure, Family, Fantasy, Mystery, Sci-Fi"
tt0118688,nm0000123,Batman & Robin,1997,3.8,"Action, Sci-Fi"
tt0432283,nm0000123,Fantastic Mr. Fox,2009,7.9,"Animation, Adventure, Comedy, Crime, Drama, Family"
tt0887883,nm0000123,Burn After Reading,2008,7,"Comedy, Crime, Drama, Thriller"
tt13354972,nm0000197,Chinatown,1974,8.1,"Crime, Drama"
tt0119822,nm0000197,As Good as It Gets,1997,7.7,"Comedy, Drama, Romance"
tt0407887,nm0000197,The Departed,2006,8.5,"Crime, Drama, Thriller"
tt0073486,nm0000197,One Flew Over the Cuckoo's Nest,1975,8.7,Drama
tt0064276,nm0000197,Easy Rider,1969,7.2,"Adventure, Drama"
tt0070290,nm0000197,The Last Detail,1973,7.5,"Comedy, Drama"
tt0104257,nm0000197,A Few Good Men,1992,7.7,"Drama, Thriller"
tt0257360,nm0000197,About Schmidt,2002,7.2,Drama
tt0089841,nm0000197,Prizzi's Honor,1985,6.7,"Comedy, Crime, Drama, Romance"
tt1877830,nm0000197,Batman,1989,7.5,"Action, Crime, Drama, Mystery, Thriller"
tt0086425,nm0000197,Terms of Endearment,1983,7.4,"Comedy, Drama"
tt0094332,nm0000197,The Witches of Eastwick,1987,6.5,"Comedy, Fantasy, Horror"
tt0065724,nm0000197,Five Easy Pieces,1970,7.4,Drama
tt0337741,nm0000197,Something's Gotta Give,2003,6.7,"Comedy, Drama, Romance"
tt0825232,nm0000197,The Bucket List,2007,7.4,"Adventure, Comedy, Drama"
tt0081505,nm0000197,The Shining,1980,8.4,"Drama, Horror"
tt0116996,nm0000197,Mars Attacks!,1996,6.4,"Comedy, Sci-Fi"
tt21979910,nm0000197,The Passenger,1975,7.5,"Drama, Thriller"
tt3556920,nm0000197,Wolf,1994,6.3,"Biography, Drama, History"
tt0066892,nm0000197,Carnal Knowledge,1971,6.9,"Comedy, Drama"
tt0335266,nm0424060,Lost in Translation,2003,7.7,"Comedy, Drama"
tt1798709,nm0424060,Her,2013,8,"Drama, Romance, Sci-Fi"
tt0848228,nm0424060,The Avengers,2012,8,"Action, Sci-Fi"
tt3480822,nm0424060,Black Widow,2021,6.6,"Action, Adventure, Sci-Fi"
tt0162346,nm0424060,Ghost World,2001,7.3,"Comedy, Drama"
tt1441395,nm0424060,Under the Skin,2013,6.3,"Drama, Horror, Mystery, Sci-Fi, Thriller"
tt4154756,nm0424060,Avengers: Infinity War,2018,8.4,"Action, Adventure, Sci-Fi"
tt2872732,nm0424060,Lucy,2014,6.4,"Action, Sci-Fi, Thriller"
tt1843866,nm0424060,Captain America: The Winter Soldier,2014,7.7,"Action, Adventure, Sci-Fi, Thriller"
tt0335119,nm0424060,Girl with a Pearl Earring,2003,6.9,"Biography, Drama, Romance"
tt3498820,nm0424060,Captain America: Civil War,2016,7.8,"Action, Sci-Fi"
tt0497465,nm0424060,Vicky Cristina Barcelona,2008,7.1,"Comedy, Drama, Romance"
tt7653254,nm0424060,Marriage Story,2019,7.9,"Drama, Romance"
tt0416320,nm0424060,Match Point,2005,7.6,"Drama, Romance, Thriller"
tt4154796,nm0424060,Avengers: Endgame,2019,8.4,"Action, Adventure, Drama, Sci-Fi"
tt2395427,nm0424060,Avengers: Age of Ultron,2015,7.3,"Action, Adventure, Sci-Fi"
tt0482571,nm0424060,The Prestige,2006,8.5,"Drama, Mystery, Sci-Fi, Thriller"
tt2584384,nm0424060,Jojo Rabbit,2019,7.9,"Comedy, Drama, War"
tt0119314,nm0424060,The Horse Whisperer,1998,6.7,"Drama, Romance, Western"
tt0489237,nm0424060,The Nanny Diaries,2007,6.2,"Comedy, Drama, Romance"
tt1375666,nm0362766,Inception,2010,8.8,"Action, Adventure, Sci-Fi, Thriller"
tt1345836,nm0362766,The Dark Knight Rises,2012,8.4,"Action, Drama, Thriller"
tt2692904,nm0362766,Locke,2013,7.1,Drama
tt1392190,nm0362766,Mad Max: Fury Road,2015,8.1,"Action, Adventure, Sci-Fi, Thriller"
tt3569230,nm0362766,Legend,2015,6.9,"Biography, Crime, Drama, Thriller"
tt1663202,nm0362766,The Revenant,2015,8,"Action, Adventure, Drama, Western"
tt1172570,nm0362766,Bronson,2008,7,"Action, Crime, Drama"
tt16366836,nm0362766,Venom,2018,6.6,"Action, Adventure, Sci-Fi, Thriller"
tt5743796,nm0362766,Warrior,2011,8.1,"Action, Crime, Drama, History"
tt1600196,nm0362766,The Drop,2014,7,"Crime, Drama, Mystery, Thriller"
tt1340800,nm0362766,Tinker Tailor Soldier Spy,2011,7,"Drama, Mystery, Thriller"
tt7097896,nm0362766,Venom: Let There Be Carnage,2021,5.9,"Action, Sci-Fi, Thriller"
tt0253754,nm0362766,Star Trek: Nemesis,2002,6.4,"Action, Adventure, Sci-Fi, Thriller"
tt16366836,nm0362766,Venom: The Last Dance,2024,6.1,"Action, Adventure, Sci-Fi, Thriller"
tt5013056,nm0362766,Dunkirk,2017,7.8,"Action, Drama, History, Thriller, War"
tt1032755,nm0362766,RocknRolla,2008,7.2,"Action, Crime, Thriller"
tt1014763,nm0362766,Child 44,2015,6.4,"Crime, Drama, History, Mystery, Thriller"
tt1212450,nm0362766,Lawless,2012,7.2,"Biography, Crime, Drama, Thriller"
tt0265086,nm0362766,Black Hawk Down,2001,7.7,"Action, Drama, History, War"
tt3647998,nm0362766,Taboo,2017,8.3,"Drama, Mystery, Thriller"
tt0371746,nm0000375,Iron Man,2008,7.9,"Action, Adventure, Sci-Fi"
tt1300854,nm0000375,Iron Man 3,2013,7.1,"Action, Adventure, Sci-Fi"
tt0988045,nm0000375,Sherlock Holmes,2009,7.6,"Action, Adventure, Mystery"
tt4154796,nm0000375,Avengers: Endgame,2019,8.4,"Action, Adventure, Drama, Sci-Fi"
tt0848228,nm0000375,The Avengers,2012,8,"Action, Sci-Fi"
tt1228705,nm0000375,Iron Man 2,2010,6.9,"Action, Sci-Fi"
tt0942385,nm0000375,Tropic Thunder,2008,7.1,"Action, Comedy, War"
tt0103939,nm0000375,Chaplin,1992,7.5,"Biography, Comedy, Drama"
tt4154756,nm0000375,Avengers: Infinity War,2018,8.4,"Action, Adventure, Sci-Fi"
tt0373469,nm0000375,Kiss Kiss Bang Bang,2005,7.5,"Comedy, Crime, Mystery, Thriller"
tt3498820,nm0000375,Captain America: Civil War,2016,7.8,"Action, Sci-Fi"
tt6673612,nm0000375,Dolittle,2020,5.6,"Adventure, Comedy, Family, Fantasy"
tt0443706,nm0000375,Zodiac,2007,7.7,"Crime, Drama, Mystery, Thriller"
tt2395427,nm0000375,Avengers: Age of Ultron,2015,7.3,"Action, Adventure, Sci-Fi"
tt1515091,nm0000375,Sherlock Holmes: A Game of Shadows,2011,7.4,"Action, Adventure, Mystery"
tt1231583,nm0000375,Due Date,2010,6.5,"Comedy, Drama"
tt15398776,nm0000375,Oppenheimer,2023,8.3,"Biography, Drama, History"
tt0185014,nm0000375,Wonder Boys,2000,7.2,"Comedy, Drama"
tt1872194,nm0000375,The Judge,2014,7.4,"Crime, Drama, Mystery, Thriller"
tt0821642,nm0000375,The Soloist,2009,6.7,"Biography, Drama, Music"
tt0120737,nm0089217,The Lord of the Rings: The Fellowship of the Ring,2001,8.9,"Adventure, Drama, Fantasy"
tt0325980,nm0089217,Pirates of the Caribbean: The Curse of the Black Pearl,2003,8.1,"Action, Adventure, Fantasy"
tt0320661,nm0089217,Kingdom of Heaven,2005,7.3,"Action, Adventure, Drama, History, War"
tt0167260,nm0089217,The Lord of the Rings: The Return of the King,2003,9,"Adventure, Drama, Fantasy"
tt0167261,nm0089217,The Lord of the Rings: The Two Towers,2002,8.8,"Adventure, Drama, Fantasy"
tt0368709,nm0089217,Elizabethtown,2005,6.3,"Comedy, Drama, Romance"
tt1170358,nm0089217,The Hobbit: The Desolation of Smaug,2013,7.8,"Adventure, Fantasy"
tt1509767,nm0089217,The Three Musketeers,2011,5.7,"Action, Adventure, Fantasy, Romance, Thriller"
tt0332452,nm0089217,Troy,2004,7.3,"Adventure, Drama"
tt1790809,nm0089217,Pirates of the Caribbean: Dead Men Tell No Tales,2017,6.5,"Action, Adventure, Fantasy"
tt0277941,nm0089217,Ned Kelly,2003,6.4,"Action, Adventure, Biography, Crime, Drama, History, Romance, Western"
tt0265086,nm0089217,Black Hawk Down,2001,7.7,"Action, Drama, History, War"
tt2310332,nm0089217,The Hobbit: The Battle of the Five Armies,2014,7.4,"Adventure, Fantasy"
tt6470478,nm0089217,The Good Doctor,2011,5.5,Drama
tt0808399,nm0089217,"New York, I Love You",2008,6.2,"Comedy, Drama, Romance"
tt3833480,nm0089217,The Outpost,2019,6.8,"Action, Drama, History, War"
tt0058777,nm0089217,Zulu,2013,6.7,"Drama, History, War"
tt1734493,nm0089217,Unlocked,2017,6.3,"Action, Thriller"
tt1519931,nm0089217,Haven,2004,5.7,"Crime, Drama, Fantasy, Horror, Mystery, Sci-Fi, Thriller"
tt4495098,nm0089217,Gran Turismo,2023,7.1,"Action, Adventure, Drama, Sport"
tt0120737,nm0005212,The Lord of the Rings: The Fellowship of the Ring,2001,8.9,"Adventure, Drama, Fantasy"
tt0120684,nm0005212,Gods and Monsters,1998,7.3,"Biography, Drama"
tt0167260,nm0005212,The Lord of the Rings: The Return of the King,2003,9,"Adventure, Drama, Fantasy"
tt0114279,nm0005212,Richard III,1995,7.3,"Drama, Sci-Fi, War"
tt0167261,nm0005212,The Lord of the Rings: The Two Towers,2002,8.8,"Adventure, Drama, Fantasy"
tt0376994,nm0005212,X-Men: The Last Stand,2006,6.6,"Action, Adventure, Sci-Fi"
tt3168230,nm0005212,Mr. Holmes,2015,6.8,"Crime, Drama, Family, Mystery, Thriller"
tt0120903,nm0005212,X-Men,2000,7.3,"Action, Adventure, Sci-Fi"
tt0382625,nm0005212,The Da Vinci Code,2006,6.6,"Mystery, Thriller"
tt0118636,nm0005212,Apt Pupil,1998,6.7,"Crime, Drama, Thriller"
tt0290334,nm0005212,X2: X-Men United,2003,7.4,"Action, Sci-Fi, Thriller"
tt0903624,nm0005212,The Hobbit: An Unexpected Journey,2012,7.8,"Adventure, Fantasy"
tt1170358,nm0005212,The Hobbit: The Desolation of Smaug,2013,7.8,"Adventure, Fantasy"
tt0424095,nm0005212,Flushed Away,2006,6.6,"Animation, Action, Adventure, Comedy, Drama, Family, Romance"
tt1877832,nm0005212,X-Men: Days of Future Past,2014,7.9,"Action, Adventure, Sci-Fi, Thriller"
tt2771200,nm0005212,Beauty and the Beast,2017,7.1,"Adventure, Family, Fantasy, Musical, Romance"
tt2310332,nm0005212,The Hobbit: The Battle of the Five Armies,2014,7.4,"Adventure, Fantasy"
tt5563334,nm0005212,The Good Liar,2019,6.7,"Crime, Drama, Mystery, Thriller"
tt7908628,nm0005212,The Shadow,1994,6,"Comedy, Fantasy, Horror"
tt0107362,nm0005212,Last Action Hero,1993,6.5,"Action, Adventure, Comedy, Fantasy"
tt0120746,nm0000104,The Mask of Zorro,1998,6.8,"Action, Adventure, Comedy, Romance, Thriller, Western"
tt12887846,nm0000104,The Skin I Live In,2011,7.6,Short
tt0120657,nm0000104,The 13th Warrior,1999,6.6,"Action, Adventure, History"
tt0112851,nm0000104,Desperado,1995,7.1,"Action, Crime, Drama, Thriller, Western"
tt0285823,nm0000104,Once Upon a Time in Mexico,2003,6.3,"Action, Crime, Thriller"
tt0101026,nm0000104,Tie Me Up! Tie Me Down!,1989,7,"Comedy, Crime, Drama, Romance"
tt3915174,nm0000104,Puss in Boots,2011,6.6,"Animation, Action, Adventure, Comedy, Family, Fantasy"
tt0446046,nm0000104,Take the Lead,2006,6.6,"Drama, Music"
tt8291806,nm0000104,Pain and Glory,2019,7.5,Drama
tt3960394,nm0000104,Interview with the Vampire,1994,7.5,"Drama, Fantasy, Horror, Romance"
tt17157680,nm0000104,Women on the Verge of a Nervous Breakdown,1988,7.5,Comedy
tt0116250,nm0000104,Evita,1996,6.3,"Biography, Drama, History, Musical"
tt1971325,nm0000104,Automata,2014,6,"Action, Drama, Sci-Fi, Thriller"
tt3915174,nm0000104,Puss in Boots: The Last Wish,2022,7.8,"Animation, Action, Adventure, Comedy, Family, Fantasy"
tt0298148,nm0000104,Shrek 2,2004,7.4,"Animation, Adventure, Comedy, Family, Fantasy, Romance"
tt0227538,nm0000104,Spy Kids,2001,5.6,"Action, Adventure, Comedy, Family, Sci-Fi"
tt0386140,nm0000104,The Legend of Zorro,2005,6,"Action, Adventure, Romance, Thriller, Western"
tt32252772,nm0000104,Original Sin,2001,6,"Crime, Drama, Mystery"
tt2006295,nm0000104,The 33,2015,6.9,"Biography, Drama, History"
tt2333784,nm0000104,The Expendables 3,2014,6.1,"Action, Adventure, Comedy, Crime, Thriller"
tt0209144,nm0001602,Memento,2000,8.4,"Mystery, Thriller"
tt0119488,nm0001602,L.A. Confidential,1997,8.2,"Crime, Drama, Mystery, Thriller"
tt2345737,nm0001602,The Rover,2014,6.4,"Action, Crime, Drama, Sci-Fi"
tt0887912,nm0001602,The Hurt Locker,2008,7.5,"Drama, Thriller, War"
tt29547746,nm0001602,The Count of Monte Cristo,2002,7.7,Drama
tt1592525,nm0001602,Lockout,2012,6,"Action, Sci-Fi, Thriller"
tt1504320,nm0001602,The King's Speech,2010,8,"Biography, Drama, History"
tt0421238,nm0001602,The Proposition,2005,7.3,"Crime, Drama, Western"
tt0268695,nm0001602,The Time Machine,2002,6,"Action, Adventure, Sci-Fi"
tt1446714,nm0001602,Prometheus,2012,7,"Adventure, Mystery, Sci-Fi"
tt1300854,nm0001602,Iron Man 3,2013,7.1,"Action, Adventure, Sci-Fi"
tt0988047,nm0001602,Traitor,2008,6.9,"Action, Crime, Drama, Thriller"
tt0898367,nm0001602,The Road,2009,7.2,"Drama, Thriller"
tt0109045,nm0001602,"The Adventures of Priscilla, Queen of the Desert",1994,7.5,"Comedy, Music"
tt1895315,nm0001602,Brimstone,2016,7,"Thriller, Western"
tt5574490,nm0001602,Animal Kingdom,2010,7.2,"Crime, Drama"
tt1634106,nm0001602,Bloodshot,2020,5.7,"Action, Adventure, Sci-Fi"
tt1214962,nm0001602,Seeking Justice,2011,6.1,"Action, Drama, Mystery, Thriller"
tt0129332,nm0001602,Ravenous,1999,6.9,"Adventure, Drama, Horror, Western"
tt0960731,nm0001602,Bedtime Stories,2008,6,"Adventure, Comedy, Family, Fantasy, Romance, Sci-Fi"
tt0110912,nm0000168,Pulp Fiction,1994,8.9,"Crime, Drama"
tt3460252,nm0000168,The Hateful Eight,2015,7.8,"Crime, Drama, Mystery, Thriller, Western"
tt4154664,nm0000168,Captain Marvel,2019,6.8,"Action, Adventure, Sci-Fi"
tt2802144,nm0000168,Kingsman: The Secret Service,2014,7.7,"Action, Adventure, Comedy, Thriller"
tt0417148,nm0000168,Snakes on a Plane,2006,5.5,"Action, Adventure, Crime, Thriller"
tt0120768,nm0000168,The Negotiator,1998,7.3,"Action, Crime, Drama, Mystery, Thriller"
tt0119396,nm0000168,Jackie Brown,1997,7.5,"Crime, Drama, Thriller"
tt0393162,nm0000168,Coach Carter,2005,7.3,"Biography, Drama, Sport"
tt0217869,nm0000168,Unbreakable,2000,7.3,"Drama, Mystery, Sci-Fi, Thriller"
tt0117913,nm0000168,A Time to Kill,1996,7.5,"Crime, Drama, Thriller"
tt6111130,nm0000168,S.W.A.T.,2003,6.1,"Action, Adventure, Crime, Drama, Thriller"
tt0116908,nm0000168,The Long Kiss Goodnight,1996,6.8,"Action, Crime, Drama, Mystery, Thriller"
tt1843866,nm0000168,Captain America: The Winter Soldier,2014,7.7,"Action, Adventure, Sci-Fi, Thriller"
tt0489099,nm0000168,Jumper,2008,6.1,"Action, Adventure, Sci-Fi, Thriller"
tt0848228,nm0000168,The Avengers,2012,8,"Action, Sci-Fi"
tt0364569,nm0000168,Oldboy,2013,5.8,"Action, Drama, Mystery, Thriller"
tt0107290,nm0000168,Jurassic Park,1993,8.2,"Action, Adventure, Sci-Fi, Thriller"
tt6823368,nm0000168,Glass,2019,6.6,"Drama, Horror, Sci-Fi, Thriller"
tt0264472,nm0000168,Changing Lanes,2002,6.5,"Drama, Thriller"
tt0227984,nm0000168,Formula 51,2001,6.3,"Action, Comedy, Crime, Thriller"
tt1041829,nm0000113,The Proposal,2009,6.8,"Comedy, Drama, Romance"
tt0212346,nm0000113,Miss Congeniality,2000,6.3,"Action, Comedy, Crime, Romance"
tt0111257,nm0000113,Speed,1994,7.3,"Action, Adventure, Thriller"
tt1454468,nm0000113,Gravity,2013,7.7,"Drama, Sci-Fi, Thriller"
tt0114924,nm0000113,While You Were Sleeping,1995,6.8,"Comedy, Drama, Romance"
tt0878804,nm0000113,The Blind Side,2009,7.6,"Biography, Drama, Sport"
tt0115964,nm0000113,Crash,2004,7.7,Drama
tt0113957,nm0000113,The Net,1995,6,"Action, Crime, Drama, Mystery, Thriller"
tt0313737,nm0000113,Two Weeks Notice,2002,6.2,"Comedy, Romance"
tt2404463,nm0000113,The Heat,2013,6.6,"Action, Comedy, Crime"
tt0119313,nm0000113,Hope Floats,1998,6,"Drama, Romance"
tt0385307,nm0000113,Miss Congeniality 2: Armed & Fabulous,2005,5.2,"Action, Comedy, Crime"
tt0881891,nm0000113,All About Steve,2009,4.8,"Comedy, Romance"
tt0410297,nm0000113,The Lake House,2006,6.8,"Drama, Fantasy, Romance"
tt0117913,nm0000113,A Time to Kill,1996,7.5,"Crime, Drama, Thriller"
tt0289043,nm0000113,28 Days,2000,6.1,"Drama, Horror, Sci-Fi, Thriller"
tt0120179,nm0000113,Speed 2: Cruise Control,1997,4,"Action, Adventure, Crime, Romance, Thriller"
tt2737304,nm0000113,Bird Box,2018,6.6,"Horror, Mystery, Sci-Fi"
tt13320622,nm0000113,The Lost City,2022,6.1,"Action, Adventure, Comedy, Romance"
tt0477302,nm0000113,Extremely Loud & Incredibly Close,2011,6.9,"Adventure, Drama, Mystery"
tt0098635,nm0000212,When Harry Met Sally...,1989,7.7,"Comedy, Drama, Romance"
tt0128853,nm0000212,You've Got Mail,1998,6.7,"Comedy, Drama, Romance"
tt0108160,nm0000212,Sleepless in Seattle,1993,6.8,"Comedy, Drama, Romance"
tt0120632,nm0000212,City of Angels,1998,6.7,"Drama, Fantasy, Romance"
tt0118617,nm0000212,Anastasia,1997,7.1,"Animation, Adventure, Drama, Family, Fantasy, Musical, Mystery, Romance"
tt0113117,nm0000212,French Kiss,1995,6.6,"Comedy, Drama, Romance"
tt0228750,nm0000212,Proof of Life,2000,6.3,"Action, Drama, Thriller"
tt0092099,nm0000212,Top Gun,1986,6.9,"Action, Drama"
tt0035423,nm0000212,Kate & Leopold,2001,6.4,"Comedy, Fantasy, Romance"
tt0099892,nm0000212,Joe Versus the Volcano,1990,5.9,"Comedy, Romance"
tt0118556,nm0000212,Addicted to Love,1997,6.1,"Comedy, Romance"
tt0115956,nm0000212,Courage Under Fire,1996,6.6,"Action, Drama, Mystery, Thriller, War"
tt0111693,nm0000212,When a Man Loves a Woman,1994,6.6,"Drama, Romance"
tt0101761,nm0000212,The Doors,1991,7.2,"Biography, Drama, Music"
tt0093260,nm0000212,Innerspace,1987,6.8,"Action, Adventure, Comedy, Sci-Fi, Thriller"
tt0430770,nm0000212,The Women,2008,5,"Comedy, Drama"
tt0199626,nm0000212,In the Cut,2003,5.4,"Mystery, Thriller"
tt0419843,nm0000212,In the Land of Women,2007,6.4,"Comedy, Drama, Romance"
tt0110099,nm0000212,I.Q.,1994,6.2,"Comedy, Romance"
tt3501590,nm0000212,Ithaca,2015,5.5,"Drama, War"
tt0418279,nm1083271,Transformers,2007,7.1,"Action, Adventure, Sci-Fi"
tt0100758,nm1083271,Teenage Mutant Ninja Turtles,2014,5.8,"Action, Adventure, Comedy, Family, Sci-Fi"
tt1131734,nm1083271,Jennifer's Body,2009,5.5,"Comedy, Horror"
tt3949660,nm1083271,Teenage Mutant Ninja Turtles: Out of the Shadows,2016,5.9,"Action, Adventure, Comedy, Crime, Fantasy, Sci-Fi"
tt1075747,nm1083271,Jonah Hex,2010,4.7,"Action, Drama, Fantasy, Thriller, Western"
tt3291150,nm1083271,The Expendables 4,2023,4.8,"Action, Adventure, Thriller, War"
tt1645170,nm1083271,The Dictator,2012,6.5,Comedy
tt24871974,nm1083271,Subservience,2024,5.3,"Sci-Fi, Thriller"
tt0361467,nm1083271,Confessions of a Teenage Drama Queen,2004,4.7,"Comedy, Family, Music, Romance"
tt11804152,nm1083271,Till Death,2021,5.9,Thriller
tt1720616,nm1083271,Friends with Kids,2011,6.1,"Comedy, Drama, Romance"
tt0366025,nm1083271,Hope & Faith,2003,5.5,"Comedy, Family"
tt14875820,nm1083271,Johnny & Clyde,2023,2.4,"Action, Adventure, Crime, Drama, Thriller"
tt1396221,nm1083271,Passion Play,2010,4.5,"Drama, Fantasy, Horror, Romance"
tt10405370,nm1083271,Rogue,2020,4.2,"Action, Drama, Thriller, War"
tt26862060,nm1083271,Mortal Kombat 1,2023,8.2,"Action, Adventure, Fantasy, Horror, Sci-Fi, Sport"
tt1015475,nm1083271,Transformers: The Game,2007,5.6,"Action, Adventure, Sci-Fi"
tt0297169,nm1083271,Holiday in the Sun,2001,5,"Comedy, Crime, Family, Romance"
tt11656220,nm1083271,Midnight in the Switchgrass,2021,4.6,"Crime, Mystery, Thriller"
tt1881109,nm1083271,Zeroville,2019,4.6,"Comedy, Drama, Mystery"
tt0203009,nm0000173,Moulin Rouge!,2001,7.6,"Drama, Musical, Romance"
tt0274558,nm0000173,The Hours,2002,7.5,"Drama, Romance"
tt5822112,nm0000173,Rabbit Hole,2010,7,"Action, Drama, Thriller"
tt0159365,nm0000173,Cold Mountain,2003,7.2,"Adventure, Drama, Romance, War"
tt0276919,nm0000173,Dogville,2003,8,"Crime, Drama"
tt0230600,nm0000173,The Others,2001,7.6,"Horror, Mystery, Thriller"
tt0120663,nm0000173,Eyes Wide Shut,1999,7.5,"Drama, Mystery, Thriller"
tt5715874,nm0000173,The Killing of a Sacred Deer,2017,7,"Drama, Horror, Mystery, Thriller"
tt4995540,nm0000173,Being the Ricardos,2021,6.5,"Biography, Drama"
tt0057733,nm0000173,Bewitched,2005,4.8,"Comedy, Family, Fantasy, Romance"
tt13186482,nm0000173,Lion,2016,8,"Animation, Adventure, Drama, Family, Fantasy, Musical"
tt0114681,nm0000173,To Die For,1995,6.8,"Comedy, Crime, Drama, Thriller"
tt1682180,nm0000173,Stoker,2013,6.7,"Drama, Thriller"
tt1496422,nm0000173,The Paperboy,2012,5.7,"Crime, Drama, Mystery, Thriller"
tt0112462,nm0000173,Batman Forever,1995,5.4,"Action, Adventure"
tt0066819,nm0000173,The Beguiled,2017,6.3,"Drama, Thriller, War"
tt0427392,nm0000173,The Invasion,2007,5.9,"Sci-Fi, Thriller"
tt2058107,nm0000173,The Railway Man,2013,7.1,"Biography, Drama, Romance, War"
tt0104231,nm0000173,Far and Away,1992,6.6,"Adventure, Drama, Romance, Western"
tt0385752,nm0000173,The Golden Compass,2007,6.1,"Adventure, Family, Fantasy"
tt0416449,nm0124930,300,2006,7.6,"Action, Drama"
tt1197624,nm0124930,Law Abiding Citizen,2009,7.4,"Action, Crime, Drama, Thriller"
tt0293508,nm0124930,The Phantom of the Opera,2004,7.2,"Drama, Musical, Romance, Thriller"
tt1038919,nm0124930,The Bounty Hunter,2010,5.5,"Action, Comedy, Romance"
tt3300542,nm0124930,London Has Fallen,2016,5.9,"Action, Thriller"
tt2404233,nm0124930,Gods of Egypt,2016,5.4,"Action, Adventure, Drama, Fantasy"
tt1142988,nm0124930,The Ugly Truth,2009,6.4,"Comedy, Romance"
tt6189022,nm0124930,Angel Has Fallen,2019,6.4,"Action, Thriller"
tt2302755,nm0124930,Olympus Has Fallen,2013,6.5,"Action, Thriller"
tt1259528,nm0124930,Den of Thieves,2018,7,"Action, Crime, Drama, Thriller"
tt1032755,nm0124930,RocknRolla,2008,7.2,"Action, Crime, Thriller"
tt1981128,nm0124930,Geostorm,2017,5.3,"Action, Sci-Fi, Thriller"
tt1034032,nm0124930,Gamer,2009,5.7,"Action, Sci-Fi, Thriller"
tt26743210,nm0124930,How to Train Your Dragon,2010,8.1,"Action, Adventure, Comedy, Drama, Family, Fantasy"
tt0431308,nm0124930,P.S. I Love You,2007,7,"Comedy, Drama, Romance"
tt1646971,nm0124930,How to Train Your Dragon 2,2014,7.8,"Animation, Action, Adventure, Comedy, Family, Fantasy"
tt2386490,nm0124930,How to Train Your Dragon: The Hidden World,2019,7.4,"Animation, Action, Adventure, Comedy, Drama, Family, Fantasy"
tt0253556,nm0124930,Reign of Fire,2002,6.2,"Action, Adventure, Fantasy, Thriller"
tt0300556,nm0124930,Timeline,2003,5.6,"Action, Adventure, Sci-Fi, War"
tt0325703,nm0124930,Lara Croft: Tomb Raider - The Cradle of Life,2003,5.5,"Action, Adventure, Fantasy"
tt1615147,nm0048932,Margin Call,2011,7.1,"Drama, Thriller"
tt1196946,nm0048932,The Mentalist,2008,8.2,"Crime, Drama, Mystery, Thriller"
tt0458352,nm0048932,The Devil Wears Prada,2006,6.9,"Comedy, Drama"
tt0418819,nm0048932,Land of the Dead,2005,6.2,"Horror, Sci-Fi, Thriller"
tt0199753,nm0048932,Red Planet,2000,5.7,"Action, Sci-Fi, Thriller"
tt14403504,nm0048932,Breath,2017,6.7,Drama
tt0119488,nm0048932,L.A. Confidential,1997,8.2,"Crime, Drama, Mystery, Thriller"
tt0406816,nm0048932,The Guardian,2001,7.4,"Adventure, Drama"
tt0437777,nm0048932,Something New,2006,6.6,"Comedy, Drama, Romance"
tt0377109,nm0048932,The Ring Two,2005,5.4,"Horror, Mystery"
tt0954947,nm0048932,The Killer Inside Me,2010,6.1,"Crime, Drama, Mystery, Thriller"
tt2244901,nm0048932,I Give It a Year,2013,5.7,"Comedy, Romance"
tt0497972,nm0048932,Sex and Death 101,2007,5.9,"Comedy, Drama, Fantasy, Romance"
tt21833834,nm0048932,Limbo,2023,6.1,"Crime, Drama, Mystery, Thriller"
tt1127221,nm0048932,Not Forgotten,2009,4.7,"Horror, Thriller"
tt0134154,nm0048932,Ride with the Devil,1999,6.7,"Drama, Romance, War, Western"
tt0017075,nm0048932,The Lodger,2009,5.7,"Crime, Drama, Mystery, Thriller"
tt0242252,nm0048932,The Affair of the Necklace,2001,6,"Drama, History, Romance"
tt9286908,nm0048932,High Ground,2020,6.5,"Action, Drama, Thriller, Western"
tt0217032,nm0048932,Secret Men's Business,1999,6.4,Drama
tt0259711,nm0000139,Vanilla Sky,2001,6.9,"Fantasy, Mystery, Romance, Sci-Fi, Thriller"
tt0129387,nm0000139,There's Something About Mary,1998,7.1,"Comedy, Romance"
tt0160127,nm0000139,Charlie's Angels,2000,5.6,"Action, Adventure, Comedy, Crime, Thriller"
tt0119738,nm0000139,My Best Friend's Wedding,1997,6.4,"Comedy, Drama, Romance"
tt1284575,nm0000139,Bad Teacher,2011,5.7,"Comedy, Romance"
tt0305357,nm0000139,Charlie's Angels: Full Throttle,2003,4.9,"Action, Adventure, Comedy, Crime"
tt1956620,nm0000139,Sex Tape,2014,5.1,"Comedy, Romance"
tt2193215,nm0000139,The Counselor,2013,5.4,"Action, Adventure, Crime, Drama, Mystery, Thriller"
tt2203939,nm0000139,The Other Woman,2014,6,"Comedy, Romance"
tt0457939,nm0000139,The Holiday,2006,7,"Comedy, Romance"
tt1033643,nm0000139,What Happens in Vegas,2008,6.1,"Comedy, Romance"
tt0120601,nm0000139,Being John Malkovich,1999,7.7,"Comedy, Drama, Fantasy"
tt0146838,nm0000139,Any Given Sunday,1999,6.9,"Drama, Sport"
tt1013743,nm0000139,Knight and Day,2010,6.3,"Action, Adventure, Comedy"
tt0083564,nm0000139,Annie,2014,5.4,"Comedy, Drama, Family, Musical"
tt0253867,nm0000139,The Sweetest Thing,2002,5.2,"Comedy, Romance"
tt0126029,nm0000139,Shrek,2001,7.9,"Animation, Adventure, Comedy, Family, Fantasy, Romance"
tt1078588,nm0000139,My Sister's Keeper,2009,7.3,"Drama, Family"
tt0388125,nm0000139,In Her Shoes,2005,6.5,"Comedy, Drama, Romance"
tt0110475,nm0000139,The Mask,1994,7,"Comedy, Crime, Fantasy"
tt1598828,nm0001337,One for the Money,2012,5.3,"Action, Comedy, Crime, Mystery, Thriller"
tt0478311,nm0001337,Knocked Up,2007,6.9,"Comedy, Romance"
tt1142988,nm0001337,The Ugly Truth,2009,6.4,"Comedy, Romance"
tt0413573,nm0001337,Grey's Anatomy,2005,7.6,"Drama, Romance"
tt0988595,nm0001337,27 Dresses,2008,6.1,"Comedy, Romance"
tt5537002,nm0001337,Killers,2010,5.5,"Crime, Drama, History, Mystery, Romance, Western"
tt1055292,nm0001337,Life as We Know It,2010,6.5,"Comedy, Drama, Romance"
tt0144120,nm0001337,Bride of Chucky,1998,5.6,"Comedy, Horror, Thriller"
tt0201391,nm0001337,Roswell,1999,7.5,"Drama, Mystery, Romance, Sci-Fi, Thriller"
tt0267891,nm0001337,The Ringer,2005,5.8,"Comedy, Sport"
tt2802136,nm0001337,Home Sweet Hell,2015,5.5,"Comedy, Crime, Thriller"
tt0345591,nm0001337,Love Comes Softly,2003,7.2,"Drama, Family, Romance, Western"
tt0114781,nm0001337,Under Siege 2: Dark Territory,1995,5.6,"Action, Adventure, Thriller"
tt0242998,nm0001337,Valentine,2001,4.9,"Horror, Mystery, Thriller"
tt1931435,nm0001337,The Big Wedding,2013,5.6,"Comedy, Drama, Romance"
tt0110612,nm0001337,My Father the Hero,1994,5.5,"Comedy, Romance"
tt1842530,nm0001337,Unforgettable,2017,5.1,"Crime, Drama, Mystery"
tt1821658,nm0001337,The Nut Job,2014,5.7,"Animation, Adventure, Comedy, Crime, Family"
tt1598822,nm0001337,New Year's Eve,2011,5.6,"Comedy, Romance"
tt3270108,nm0001337,Jackie & Ryan,2014,5.9,"Drama, Family, Music, Romance"
